time,gFx,gFy,gFz,gFTotal
2020-07-28 13:59:06.4770,0.111,1.017,-0.024,1.023
2020-07-28 13:59:06.4850,0.124,0.985,-0.039,0.994
2020-07-28 13:59:06.4950,0.111,0.981,-0.044,0.988
2020-07-28 13:59:06.5090,0.098,1.011,-0.032,1.016
2020-07-28 13:59:06.5350,0.111,0.995,-0.04,1.002
2020-07-28 13:59:06.5350,0.111,0.995,-0.04,1.002
2020-07-28 13:59:06.5360,0.111,0.995,-0.04,1.002
2020-07-28 13:59:06.5450,0.101,1.001,-0.037,1.007
2020-07-28 13:59:06.5550,0.106,0.994,-0.04,1.0
2020-07-28 13:59:06.5650,0.111,0.994,-0.044,1.001
2020-07-28 13:59:06.5750,0.118,0.999,-0.043,1.007
2020-07-28 13:59:06.5850,0.119,1.001,-0.044,1.009
2020-07-28 13:59:06.5950,0.114,0.995,-0.046,1.003
2020-07-28 13:59:06.6360,0.119,0.995,-0.04,1.003
2020-07-28 13:59:06.6360,0.119,0.995,-0.04,1.003
2020-07-28 13:59:06.6360,0.119,0.995,-0.04,1.003
2020-07-28 13:59:06.6360,0.119,0.995,-0.04,1.003
2020-07-28 13:59:06.6450,0.113,0.997,-0.042,1.004
2020-07-28 13:59:06.6550,0.104,1.0,-0.041,1.006
2020-07-28 13:59:06.6650,0.101,0.999,-0.04,1.005
2020-07-28 13:59:06.6750,0.109,0.995,-0.044,1.002
2020-07-28 13:59:06.6850,0.119,0.994,-0.049,1.002
2020-07-28 13:59:06.6950,0.123,0.998,-0.041,1.006
2020-07-28 13:59:06.7320,0.105,0.966,-0.051,0.973
2020-07-28 13:59:06.7320,0.105,0.966,-0.051,0.973
2020-07-28 13:59:06.7320,0.105,0.966,-0.051,0.973
2020-07-28 13:59:06.7340,0.103,1.009,-0.033,1.015
2020-07-28 13:59:06.7440,0.123,1.007,-0.041,1.015
2020-07-28 13:59:06.7540,0.141,0.983,-0.039,0.994
2020-07-28 13:59:06.7640,0.134,0.997,-0.024,1.006
2020-07-28 13:59:06.7740,0.121,1.004,-0.032,1.012
2020-07-28 13:59:06.7840,0.108,0.987,-0.038,0.994
2020-07-28 13:59:06.7950,0.085,0.989,-0.043,0.994
2020-07-28 13:59:06.8350,0.123,1.015,-0.09,1.026
2020-07-28 13:59:06.8360,0.123,1.015,-0.09,1.026
2020-07-28 13:59:06.8360,0.123,1.015,-0.09,1.026
2020-07-28 13:59:06.8360,0.123,1.015,-0.09,1.026
2020-07-28 13:59:06.8440,0.122,1.018,-0.081,1.028
2020-07-28 13:59:06.8540,0.103,1.023,-0.083,1.032
2020-07-28 13:59:06.8640,0.093,1.018,-0.074,1.025
2020-07-28 13:59:06.8740,0.082,1.011,-0.053,1.016
2020-07-28 13:59:06.8840,0.071,1.008,-0.065,1.013
2020-07-28 13:59:06.8940,0.078,1.014,-0.075,1.02
2020-07-28 13:59:06.9350,0.101,1.071,-0.154,1.087
2020-07-28 13:59:06.9360,0.101,1.071,-0.154,1.087
2020-07-28 13:59:06.9360,0.101,1.071,-0.154,1.087
2020-07-28 13:59:06.9360,0.101,1.071,-0.154,1.087
2020-07-28 13:59:06.9440,0.055,1.135,-0.131,1.144
2020-07-28 13:59:06.9540,-0.106,1.17,-0.077,1.177
2020-07-28 13:59:06.9640,-0.205,1.18,-0.022,1.198
2020-07-28 13:59:06.9740,-0.194,1.196,0.085,1.215
2020-07-28 13:59:06.9840,-0.077,1.204,0.153,1.216
2020-07-28 13:59:06.9940,0.123,1.225,0.191,1.246
2020-07-28 13:59:07.0360,-0.572,1.595,0.781,1.866
2020-07-28 13:59:07.0360,-0.572,1.595,0.781,1.866
2020-07-28 13:59:07.0360,-0.572,1.595,0.781,1.866
2020-07-28 13:59:07.0360,-0.572,1.595,0.781,1.866
2020-07-28 13:59:07.0440,-0.804,1.685,0.629,1.97
2020-07-28 13:59:07.0540,-0.805,1.818,0.379,2.024
2020-07-28 13:59:07.0640,-0.495,1.799,0.206,1.877
2020-07-28 13:59:07.0740,-0.1,1.626,0.068,1.63
2020-07-28 13:59:07.0840,0.15,1.447,-0.072,1.457
2020-07-28 13:59:07.0940,0.254,1.255,-0.15,1.289
2020-07-28 13:59:07.1340,0.296,0.106,-0.416,0.521
2020-07-28 13:59:07.1350,0.296,0.106,-0.416,0.521
2020-07-28 13:59:07.1350,0.296,0.106,-0.416,0.521
2020-07-28 13:59:07.1350,0.296,0.106,-0.416,0.521
2020-07-28 13:59:07.1430,0.383,-0.116,-0.468,0.616
2020-07-28 13:59:07.1530,0.415,-0.274,-0.45,0.671
2020-07-28 13:59:07.1630,0.373,-0.334,-0.387,0.633
2020-07-28 13:59:07.1730,0.259,-0.27,-0.257,0.454
2020-07-28 13:59:07.1830,0.014,-0.127,-0.066,0.144
2020-07-28 13:59:07.1940,-0.305,-0.015,0.153,0.342
2020-07-28 13:59:07.2350,-1.239,-0.008,0.811,1.481
2020-07-28 13:59:07.2360,-1.239,-0.008,0.811,1.481
2020-07-28 13:59:07.2360,-1.239,-0.008,0.811,1.481
2020-07-28 13:59:07.2360,-1.239,-0.008,0.811,1.481
2020-07-28 13:59:07.2430,-1.153,0.052,0.767,1.386
2020-07-28 13:59:07.2530,-0.96,0.056,0.634,1.152
2020-07-28 13:59:07.2630,-0.95,-0.05,0.8,1.243
2020-07-28 13:59:07.2730,-1.179,0.037,0.122,1.186
2020-07-28 13:59:07.2830,0.631,0.647,0.193,0.924
2020-07-28 13:59:07.2940,0.913,2.165,0.353,2.376
2020-07-28 13:59:07.3340,-0.18,2.097,0.019,2.105
2020-07-28 13:59:07.3350,-0.18,2.097,0.019,2.105
2020-07-28 13:59:07.3350,-0.18,2.097,0.019,2.105
2020-07-28 13:59:07.3350,-0.18,2.097,0.019,2.105
2020-07-28 13:59:07.3430,-0.358,2.154,0.522,2.245
2020-07-28 13:59:07.3530,-0.429,1.654,0.613,1.815
2020-07-28 13:59:07.3630,-0.262,1.395,0.433,1.484
2020-07-28 13:59:07.3730,-0.04,1.423,0.298,1.454
2020-07-28 13:59:07.3830,0.189,1.363,0.23,1.395
2020-07-28 13:59:07.3930,0.204,1.331,0.217,1.364
2020-07-28 13:59:07.4350,0.183,1.766,0.286,1.798
2020-07-28 13:59:07.4350,0.183,1.766,0.286,1.798
2020-07-28 13:59:07.4350,0.183,1.766,0.286,1.798
2020-07-28 13:59:07.4350,0.183,1.766,0.286,1.798
2020-07-28 13:59:07.4430,0.395,1.657,0.059,1.704
2020-07-28 13:59:07.4520,0.657,1.667,-0.17,1.8
2020-07-28 13:59:07.4630,0.829,1.607,-0.37,1.846
2020-07-28 13:59:07.4720,0.738,1.412,-0.422,1.648
2020-07-28 13:59:07.4830,0.556,1.3,-0.299,1.445
2020-07-28 13:59:07.4930,0.359,1.319,-0.094,1.37
2020-07-28 13:59:07.5310,-1.285,1.675,0.482,2.165
2020-07-28 13:59:07.5320,-1.285,1.675,0.482,2.165
2020-07-28 13:59:07.5320,-1.285,1.675,0.482,2.165
2020-07-28 13:59:07.5330,-1.38,1.977,0.43,2.449
2020-07-28 13:59:07.5420,-1.008,2.14,0.371,2.394
2020-07-28 13:59:07.5520,-0.633,2.194,0.29,2.302
2020-07-28 13:59:07.5620,-0.29,2.066,0.266,2.103
2020-07-28 13:59:07.5720,-0.028,1.619,0.338,1.654
2020-07-28 13:59:07.5820,0.002,0.884,0.416,0.977
2020-07-28 13:59:07.5920,-0.061,0.131,0.449,0.472
2020-07-28 13:59:07.6350,-0.124,-3.062,-0.338,3.083
2020-07-28 13:59:07.6350,-0.124,-3.062,-0.338,3.083
2020-07-28 13:59:07.6350,-0.124,-3.062,-0.338,3.083
2020-07-28 13:59:07.6360,-0.124,-3.062,-0.338,3.083
2020-07-28 13:59:07.6420,0.142,-3.548,-0.656,3.611
2020-07-28 13:59:07.6520,0.549,-3.356,-0.821,3.498
2020-07-28 13:59:07.6620,0.754,-2.657,-0.828,2.883
2020-07-28 13:59:07.6720,0.654,-2.127,-0.679,2.327
2020-07-28 13:59:07.6820,0.477,-1.719,-0.338,1.816
2020-07-28 13:59:07.6920,0.343,-1.279,-0.076,1.326
2020-07-28 13:59:07.7310,-0.807,0.855,0.369,1.232
2020-07-28 13:59:07.7310,-0.807,0.855,0.369,1.232
2020-07-28 13:59:07.7320,-0.807,0.855,0.369,1.232
2020-07-28 13:59:07.7330,-1.412,1.552,1.653,2.671
2020-07-28 13:59:07.7420,-6.594,4.482,2.801,8.451
2020-07-28 13:59:07.7520,-4.046,6.829,1.201,8.028
2020-07-28 13:59:07.7620,2.798,2.783,-0.315,3.959
2020-07-28 13:59:07.7720,2.23,2.681,-0.265,3.497
2020-07-28 13:59:07.7820,2.105,2.762,-1.66,3.849
2020-07-28 13:59:07.7920,3.385,1.456,-0.489,3.717
2020-07-28 13:59:07.8290,-0.356,2.301,0.726,2.439
2020-07-28 13:59:07.8290,-0.356,2.301,0.726,2.439
2020-07-28 13:59:07.8290,-0.356,2.301,0.726,2.439
2020-07-28 13:59:07.8320,0.227,1.468,0.184,1.497
2020-07-28 13:59:07.8420,0.722,2.205,0.065,2.321
2020-07-28 13:59:07.8510,1.189,2.901,-0.12,3.138
2020-07-28 13:59:07.8620,1.802,3.066,-0.188,3.561
2020-07-28 13:59:07.8710,1.815,2.767,-0.169,3.313
2020-07-28 13:59:07.8820,1.24,2.17,-0.021,2.499
2020-07-28 13:59:07.8910,0.501,1.765,0.257,1.853
2020-07-28 13:59:07.9310,0.177,1.443,-0.293,1.483
2020-07-28 13:59:07.9320,0.177,1.443,-0.293,1.483
2020-07-28 13:59:07.9320,0.177,1.443,-0.293,1.483
2020-07-28 13:59:07.9330,0.177,1.443,-0.293,1.483
2020-07-28 13:59:07.9410,0.185,1.652,-0.306,1.69
2020-07-28 13:59:07.9510,0.645,1.173,-0.263,1.364
2020-07-28 13:59:07.9610,0.886,0.363,-0.301,1.004
2020-07-28 13:59:07.9710,0.805,-0.45,-0.334,0.981
2020-07-28 13:59:07.9810,0.496,-1.267,-0.285,1.39
2020-07-28 13:59:07.9920,-0.119,-2.002,0.045,2.006
2020-07-28 13:59:08.0340,-2.042,-2.056,1.149,3.117
2020-07-28 13:59:08.0340,-2.042,-2.056,1.149,3.117
2020-07-28 13:59:08.0340,-2.042,-2.056,1.149,3.117
2020-07-28 13:59:08.0340,-2.042,-2.056,1.149,3.117
2020-07-28 13:59:08.0410,-1.574,-1.507,1.07,2.428
2020-07-28 13:59:08.0510,-1.527,-0.943,1.005,2.057
2020-07-28 13:59:08.0610,-1.608,-0.406,1.006,1.94
2020-07-28 13:59:08.0710,-1.655,-0.006,1.067,1.969
2020-07-28 13:59:08.0810,-1.765,0.318,1.115,2.112
2020-07-28 13:59:08.0910,-1.929,0.572,1.019,2.255
2020-07-28 13:59:08.1320,1.465,3.278,-0.124,3.593
2020-07-28 13:59:08.1320,1.465,3.278,-0.124,3.593
2020-07-28 13:59:08.1330,1.465,3.278,-0.124,3.593
2020-07-28 13:59:08.1330,1.465,3.278,-0.124,3.593
2020-07-28 13:59:08.1410,1.864,4.339,-0.373,4.737
2020-07-28 13:59:08.1510,1.852,2.341,-1.083,3.175
2020-07-28 13:59:08.1610,1.469,0.969,-0.236,1.776
2020-07-28 13:59:08.1710,0.343,1.87,0.707,2.028
2020-07-28 13:59:08.1810,-0.51,2.452,1.226,2.788
2020-07-28 13:59:08.1910,-0.57,1.97,0.825,2.211
2020-07-28 13:59:08.2350,1.121,2.751,0.154,2.975
2020-07-28 13:59:08.2350,1.121,2.751,0.154,2.975
2020-07-28 13:59:08.2350,1.121,2.751,0.154,2.975
2020-07-28 13:59:08.2360,1.121,2.751,0.154,2.975
2020-07-28 13:59:08.2410,1.568,2.986,0.162,3.377
2020-07-28 13:59:08.2500,1.68,2.851,-0.039,3.309
2020-07-28 13:59:08.2620,1.544,2.571,-0.295,3.013
2020-07-28 13:59:08.2700,1.293,2.205,-0.436,2.593
2020-07-28 13:59:08.2810,0.842,1.642,-0.354,1.879
2020-07-28 13:59:08.2910,0.151,1.238,-0.056,1.248
2020-07-28 13:59:08.3300,-0.917,1.251,-0.004,1.551
2020-07-28 13:59:08.3300,-0.957,1.26,0.124,1.587
2020-07-28 13:59:08.3300,-0.957,1.26,0.124,1.587
2020-07-28 13:59:08.3320,-0.957,1.26,0.124,1.587
2020-07-28 13:59:08.3400,-0.791,1.198,-0.084,1.438
2020-07-28 13:59:08.3500,-0.374,1.1,-0.316,1.204
2020-07-28 13:59:08.3600,-0.021,0.99,-0.361,1.054
2020-07-28 13:59:08.3700,0.157,0.761,-0.412,0.879
2020-07-28 13:59:08.3800,0.138,0.34,-0.504,0.623
2020-07-28 13:59:08.3900,-0.078,-0.214,-0.471,0.523
2020-07-28 13:59:08.4330,-1.103,-3.363,-0.148,3.542
2020-07-28 13:59:08.4330,-1.103,-3.363,-0.148,3.542
2020-07-28 13:59:08.4340,-1.103,-3.363,-0.148,3.542
2020-07-28 13:59:08.4340,-1.103,-3.363,-0.148,3.542
2020-07-28 13:59:08.4400,-1.068,-3.595,-0.145,3.753
2020-07-28 13:59:08.4500,-0.707,-3.022,-0.096,3.105
2020-07-28 13:59:08.4600,-0.491,-2.336,-0.11,2.39
2020-07-28 13:59:08.4700,-0.509,-1.822,-0.042,1.892
2020-07-28 13:59:08.4800,-0.681,-1.297,0.096,1.468
2020-07-28 13:59:08.4900,-0.748,-0.794,0.262,1.122
2020-07-28 13:59:08.5330,-1.223,1.26,1.274,2.169
2020-07-28 13:59:08.5330,-1.223,1.26,1.274,2.169
2020-07-28 13:59:08.5330,-1.223,1.26,1.274,2.169
2020-07-28 13:59:08.5340,-1.223,1.26,1.274,2.169
2020-07-28 13:59:08.5400,-3.253,1.98,1.406,4.059
2020-07-28 13:59:08.5500,-1.413,3.648,0.845,4.002
2020-07-28 13:59:08.5600,1.651,5.307,0.887,5.628
2020-07-28 13:59:08.5700,2.729,4.222,1.074,5.141
2020-07-28 13:59:08.5800,1.887,1.99,-0.285,2.757
2020-07-28 13:59:08.5900,2.215,1.019,0.117,2.441
2020-07-28 13:59:08.6310,-0.225,1.47,0.057,1.488
2020-07-28 13:59:08.6310,-0.225,1.47,0.057,1.488
2020-07-28 13:59:08.6320,-0.225,1.47,0.057,1.488
2020-07-28 13:59:08.6320,-0.225,1.47,0.057,1.488
2020-07-28 13:59:08.6390,0.15,1.563,0.018,1.57
2020-07-28 13:59:08.6490,0.926,2.866,0.276,3.025
2020-07-28 13:59:08.6600,1.895,3.658,0.408,4.14
2020-07-28 13:59:08.6690,2.06,2.932,0.125,3.586
2020-07-28 13:59:08.6790,1.653,2.157,-0.076,2.719
2020-07-28 13:59:08.6900,1.196,2.038,-0.046,2.363
2020-07-28 13:59:08.7330,-0.871,2.144,0.16,2.32
2020-07-28 13:59:08.7340,-0.871,2.144,0.16,2.32
2020-07-28 13:59:08.7340,-0.871,2.144,0.16,2.32
2020-07-28 13:59:08.7340,-0.871,2.144,0.16,2.32
2020-07-28 13:59:08.7390,-0.553,2.2,0.027,2.269
2020-07-28 13:59:08.7490,-0.32,2.072,-0.314,2.12
2020-07-28 13:59:08.7590,0.172,1.851,-0.629,1.963
2020-07-28 13:59:08.7690,0.702,1.612,-0.714,1.898
2020-07-28 13:59:08.7790,1.036,1.143,-0.736,1.709
2020-07-28 13:59:08.7890,1.029,0.344,-0.666,1.273
2020-07-28 13:59:08.8320,-0.196,-4.074,-0.47,4.106
2020-07-28 13:59:08.8320,-0.196,-4.074,-0.47,4.106
2020-07-28 13:59:08.8330,-0.196,-4.074,-0.47,4.106
2020-07-28 13:59:08.8330,-0.196,-4.074,-0.47,4.106
2020-07-28 13:59:08.8390,-0.628,-4.793,-0.176,4.837
2020-07-28 13:59:08.8490,-0.741,-3.71,0.139,3.786
2020-07-28 13:59:08.8590,-0.598,-2.958,0.157,3.022
2020-07-28 13:59:08.8690,-0.872,-2.706,-0.021,2.843
2020-07-28 13:59:08.8790,-1.134,-1.885,-0.067,2.201
2020-07-28 13:59:08.8890,-1.286,-0.944,0.257,1.616
2020-07-28 13:59:08.9300,-2.372,1.528,1.488,3.19
2020-07-28 13:59:08.9300,-2.372,1.528,1.488,3.19
2020-07-28 13:59:08.9300,-2.372,1.528,1.488,3.19
2020-07-28 13:59:08.9300,-2.372,1.528,1.488,3.19
2020-07-28 13:59:08.9390,-2.199,1.417,1.47,3.001
2020-07-28 13:59:08.9490,-2.177,1.055,1.117,2.665
2020-07-28 13:59:08.9580,-2.265,1.507,0.338,2.741
2020-07-28 13:59:08.9680,1.063,2.836,-0.292,3.043
2020-07-28 13:59:08.9790,2.882,4.853,0.812,5.702
2020-07-28 13:59:08.9890,2.775,4.332,0.428,5.162
2020-07-28 13:59:09.0280,-0.73,3.345,0.219,3.431
2020-07-28 13:59:09.0290,-0.73,3.345,0.219,3.431
2020-07-28 13:59:09.0290,-0.73,3.345,0.219,3.431
2020-07-28 13:59:09.0300,-0.73,3.345,0.219,3.431
2020-07-28 13:59:09.0390,-0.241,2.298,-0.004,2.311
2020-07-28 13:59:09.0480,-0.129,1.435,0.27,1.466
2020-07-28 13:59:09.0580,0.351,1.875,0.477,1.966
2020-07-28 13:59:09.0680,0.979,2.964,0.401,3.147
2020-07-28 13:59:09.0780,1.585,3.126,0.378,3.525
2020-07-28 13:59:09.0880,1.717,2.337,0.189,2.906
2020-07-28 13:59:09.1280,0.597,2.175,0.339,2.281
2020-07-28 13:59:09.1290,0.597,2.175,0.339,2.281
2020-07-28 13:59:09.1290,0.597,2.175,0.339,2.281
2020-07-28 13:59:09.1300,0.597,2.175,0.339,2.281
2020-07-28 13:59:09.1380,-0.587,2.005,0.64,2.185
2020-07-28 13:59:09.1480,-1.392,2.236,0.467,2.675
2020-07-28 13:59:09.1580,-1.541,2.417,0.237,2.876
2020-07-28 13:59:09.1680,-1.279,2.252,0.148,2.594
2020-07-28 13:59:09.1780,-0.818,2.156,-0.217,2.316
2020-07-28 13:59:09.1890,-0.143,2.073,-0.401,2.116
2020-07-28 13:59:09.2340,0.478,-0.317,-0.34,0.667
2020-07-28 13:59:09.2350,0.478,-0.317,-0.34,0.667
2020-07-28 13:59:09.2350,0.478,-0.317,-0.34,0.667
2020-07-28 13:59:09.2350,0.478,-0.317,-0.34,0.667
2020-07-28 13:59:09.2380,0.489,-1.321,-0.037,1.409
2020-07-28 13:59:09.2480,0.408,-2.393,0.09,2.429
2020-07-28 13:59:09.2580,0.332,-3.63,-0.082,3.646
2020-07-28 13:59:09.2680,0.162,-4.63,-0.351,4.646
2020-07-28 13:59:09.2780,0.352,-4.724,-0.42,4.756
2020-07-28 13:59:09.2880,0.582,-3.775,-0.383,3.839
2020-07-28 13:59:09.3270,-0.647,-2.381,-0.191,2.475
2020-07-28 13:59:09.3270,-0.647,-2.381,-0.191,2.475
2020-07-28 13:59:09.3280,-0.839,-1.741,0.13,1.937
2020-07-28 13:59:09.3290,-0.839,-1.741,0.13,1.937
2020-07-28 13:59:09.3380,-1.13,-1.14,0.557,1.699
2020-07-28 13:59:09.3470,-1.441,-0.615,0.732,1.729
2020-07-28 13:59:09.3580,-1.49,-0.158,0.639,1.629
2020-07-28 13:59:09.3670,-1.316,0.307,0.594,1.476
2020-07-28 13:59:09.3780,-1.128,0.957,0.369,1.525
2020-07-28 13:59:09.3880,-0.938,1.989,0.039,2.199
2020-07-28 13:59:09.4300,3.645,1.742,1.666,4.37
2020-07-28 13:59:09.4300,3.645,1.742,1.666,4.37
2020-07-28 13:59:09.4300,3.645,1.742,1.666,4.37
2020-07-28 13:59:09.4310,3.645,1.742,1.666,4.37
2020-07-28 13:59:09.4370,1.63,1.767,-0.914,2.572
2020-07-28 13:59:09.4470,2.272,2.137,-1.45,3.44
2020-07-28 13:59:09.4570,1.28,3.967,-0.811,4.247
2020-07-28 13:59:09.4670,-0.442,3.962,0.255,3.995
2020-07-28 13:59:09.4770,-0.47,1.714,0.513,1.85
2020-07-28 13:59:09.4870,-0.32,0.933,0.14,0.996
2020-07-28 13:59:09.5300,2.059,1.885,0.298,2.807
2020-07-28 13:59:09.5300,2.059,1.885,0.298,2.807
2020-07-28 13:59:09.5300,2.059,1.885,0.298,2.807
2020-07-28 13:59:09.5300,2.059,1.885,0.298,2.807
2020-07-28 13:59:09.5370,1.483,2.277,0.209,2.725
2020-07-28 13:59:09.5470,1.248,2.724,0.249,3.007
2020-07-28 13:59:09.5570,0.891,2.952,0.607,3.143
2020-07-28 13:59:09.5670,0.105,2.885,0.907,3.026
2020-07-28 13:59:09.5770,-0.898,2.748,0.922,3.034
2020-07-28 13:59:09.5870,-1.456,2.682,0.326,3.069
2020-07-28 13:59:09.6260,-0.12,2.165,-0.437,2.212
2020-07-28 13:59:09.6270,-0.12,2.165,-0.437,2.212
2020-07-28 13:59:09.6270,0.609,1.808,-0.356,1.941
2020-07-28 13:59:09.6280,0.609,1.808,-0.356,1.941
2020-07-28 13:59:09.6370,0.87,0.928,-0.046,1.273
2020-07-28 13:59:09.6470,0.775,-0.329,0.009,0.842
2020-07-28 13:59:09.6570,0.74,-1.951,0.266,2.104
2020-07-28 13:59:09.6670,0.456,-4.43,-0.058,4.454
2020-07-28 13:59:09.6770,-0.567,-7.353,-0.618,7.401
2020-07-28 13:59:09.6870,-0.761,-5.336,-0.141,5.392
2020-07-28 13:59:09.7300,-0.402,-2.369,-0.698,2.502
2020-07-28 13:59:09.7300,-0.402,-2.369,-0.698,2.502
2020-07-28 13:59:09.7300,-0.402,-2.369,-0.698,2.502
2020-07-28 13:59:09.7300,-0.402,-2.369,-0.698,2.502
2020-07-28 13:59:09.7360,-0.509,-1.585,-0.393,1.71
2020-07-28 13:59:09.7460,-0.744,-1.018,-0.092,1.264
2020-07-28 13:59:09.7560,-0.949,-0.421,-0.024,1.038
2020-07-28 13:59:09.7660,-1.038,0.221,0.03,1.062
2020-07-28 13:59:09.7770,-1.122,0.9,0.125,1.444
2020-07-28 13:59:09.7860,-1.141,1.82,0.281,2.166
2020-07-28 13:59:09.8260,2.809,4.365,1.222,5.333
2020-07-28 13:59:09.8270,2.809,4.365,1.222,5.333
2020-07-28 13:59:09.8270,2.809,4.365,1.222,5.333
2020-07-28 13:59:09.8270,2.809,4.365,1.222,5.333
2020-07-28 13:59:09.8360,2.922,2.328,1.083,3.89
2020-07-28 13:59:09.8460,2.039,1.392,-1.108,2.706
2020-07-28 13:59:09.8560,2.095,2.15,-0.73,3.089
2020-07-28 13:59:09.8660,-0.112,3.911,-0.345,3.928
2020-07-28 13:59:09.8760,-0.724,2.969,0.45,3.089
2020-07-28 13:59:09.8860,-0.208,1.3,0.296,1.349
2020-07-28 13:59:09.8990,0.001,1.576,0.129,1.581
2020-07-28 13:59:09.9300,2.172,3.099,0.281,3.795
2020-07-28 13:59:09.9300,2.172,3.099,0.281,3.795
2020-07-28 13:59:09.9300,2.172,3.099,0.281,3.795
2020-07-28 13:59:09.9360,2.092,2.367,0.067,3.16
2020-07-28 13:59:09.9460,1.418,2.004,0.015,2.455
2020-07-28 13:59:09.9560,0.559,1.646,0.182,1.748
2020-07-28 13:59:09.9660,-0.354,1.35,0.355,1.44
2020-07-28 13:59:09.9760,-0.811,1.303,0.133,1.541
2020-07-28 13:59:09.9860,-0.758,1.495,0.046,1.677
2020-07-28 13:59:10.0290,0.097,0.983,-0.312,1.036
2020-07-28 13:59:10.0290,0.097,0.983,-0.312,1.036
2020-07-28 13:59:10.0290,0.097,0.983,-0.312,1.036
2020-07-28 13:59:10.0290,0.097,0.983,-0.312,1.036
2020-07-28 13:59:10.0360,0.055,0.534,-0.292,0.611
2020-07-28 13:59:10.0460,-0.074,-0.046,-0.243,0.258
2020-07-28 13:59:10.0560,-0.219,-0.791,0.129,0.831
2020-07-28 13:59:10.0660,-0.494,-1.704,0.499,1.843
2020-07-28 13:59:10.0760,-0.754,-3.058,0.546,3.197
2020-07-28 13:59:10.0950,-1.097,-4.621,0.257,4.756
2020-07-28 13:59:10.1400,-1.005,-2.544,-0.28,2.75
2020-07-28 13:59:10.1410,-1.005,-2.544,-0.28,2.75
2020-07-28 13:59:10.1410,-1.005,-2.544,-0.28,2.75
2020-07-28 13:59:10.1410,-1.005,-2.544,-0.28,2.75
2020-07-28 13:59:10.1440,-1.169,-1.574,-0.088,1.963
2020-07-28 13:59:10.1540,-1.164,-0.811,0.117,1.423
2020-07-28 13:59:10.1640,-1.247,-0.172,0.281,1.29
2020-07-28 13:59:10.1740,-1.487,0.398,0.504,1.62
2020-07-28 13:59:10.1840,-1.724,0.924,0.761,2.099
2020-07-28 13:59:10.1940,-1.715,1.437,0.918,2.418
2020-07-28 13:59:10.2330,2.196,4.414,-0.472,4.953
2020-07-28 13:59:10.2330,2.196,4.414,-0.472,4.953
2020-07-28 13:59:10.2330,2.196,4.414,-0.472,4.953
2020-07-28 13:59:10.2350,3.153,7.029,0.599,7.727
2020-07-28 13:59:10.2450,2.492,4.032,-0.721,4.794
2020-07-28 13:59:10.2540,2.291,0.624,-0.344,2.399
2020-07-28 13:59:10.2640,0.453,2.173,-0.049,2.22
2020-07-28 13:59:10.2740,-0.779,3.215,0.351,3.327
2020-07-28 13:59:10.2840,-0.445,2.406,0.246,2.459
2020-07-28 13:59:10.2940,0.071,1.328,0.499,1.42
2020-07-28 13:59:10.3360,1.624,2.694,0.314,3.161
2020-07-28 13:59:10.3360,1.624,2.694,0.314,3.161
2020-07-28 13:59:10.3360,1.624,2.694,0.314,3.161
2020-07-28 13:59:10.3370,1.624,2.694,0.314,3.161
2020-07-28 13:59:10.3440,1.293,2.626,0.155,2.931
2020-07-28 13:59:10.3540,1.061,2.294,-0.101,2.529
2020-07-28 13:59:10.3640,0.942,2.228,-0.17,2.425
2020-07-28 13:59:10.3740,0.683,2.181,-0.073,2.287
2020-07-28 13:59:10.3840,0.146,1.91,0.028,1.916
2020-07-28 13:59:10.3940,-0.449,1.662,0.055,1.722
2020-07-28 13:59:10.4350,-0.867,1.533,-0.013,1.761
2020-07-28 13:59:10.4350,-0.867,1.533,-0.013,1.761
2020-07-28 13:59:10.4350,-0.867,1.533,-0.013,1.761
2020-07-28 13:59:10.4350,-0.867,1.533,-0.013,1.761
2020-07-28 13:59:10.4440,-0.544,1.086,-0.082,1.217
2020-07-28 13:59:10.4530,-0.387,0.594,-0.123,0.72
2020-07-28 13:59:10.4640,-0.401,0.088,-0.178,0.447
2020-07-28 13:59:10.4730,-0.464,-0.457,-0.167,0.672
2020-07-28 13:59:10.4830,-0.494,-1.057,-0.081,1.17
2020-07-28 13:59:10.4940,-0.512,-1.738,-0.049,1.813
2020-07-28 13:59:10.5330,-0.127,-4.237,-0.5,4.268
2020-07-28 13:59:10.5330,0.295,-3.314,-0.393,3.35
2020-07-28 13:59:10.5330,0.295,-3.314,-0.393,3.35
2020-07-28 13:59:10.5350,0.295,-3.314,-0.393,3.35
2020-07-28 13:59:10.5440,0.229,-2.204,-0.258,2.231
2020-07-28 13:59:10.5530,-0.13,-1.599,-0.181,1.614
2020-07-28 13:59:10.5630,-0.4,-1.098,0.019,1.169
2020-07-28 13:59:10.5730,-0.629,-0.576,0.31,0.907
2020-07-28 13:59:10.5830,-0.767,-0.054,0.555,0.948
2020-07-28 13:59:10.5930,-0.939,0.498,0.803,1.332
2020-07-28 13:59:10.6360,-1.569,1.916,-0.367,2.503
2020-07-28 13:59:10.6360,-1.569,1.916,-0.367,2.503
2020-07-28 13:59:10.6370,-1.569,1.916,-0.367,2.503
2020-07-28 13:59:10.6370,-1.569,1.916,-0.367,2.503
2020-07-28 13:59:10.6430,0.683,3.68,-0.436,3.768
2020-07-28 13:59:10.6530,2.169,5.051,0.571,5.527
2020-07-28 13:59:10.6630,2.761,3.778,0.32,4.69
2020-07-28 13:59:10.6730,2.214,0.96,-0.092,2.415
2020-07-28 13:59:10.6830,1.353,0.992,0.643,1.797
2020-07-28 13:59:10.6930,-0.076,2.358,0.655,2.448
2020-07-28 13:59:10.7320,0.273,1.575,0.23,1.615
2020-07-28 13:59:10.7330,0.273,1.575,0.23,1.615
2020-07-28 13:59:10.7330,0.641,1.596,0.11,1.723
2020-07-28 13:59:10.7340,0.641,1.596,0.11,1.723
2020-07-28 13:59:10.7430,1.204,2.485,0.106,2.763
2020-07-28 13:59:10.7530,1.756,3.289,0.094,3.73
2020-07-28 13:59:10.7630,1.758,3.384,0.03,3.814
2020-07-28 13:59:10.7730,1.536,2.936,0.044,3.314
2020-07-28 13:59:10.7830,1.24,2.394,0.126,2.699
2020-07-28 13:59:10.7930,0.561,1.947,0.339,2.054
2020-07-28 13:59:10.8350,-1.709,2.302,0.386,2.893
2020-07-28 13:59:10.8360,-1.709,2.302,0.386,2.893
2020-07-28 13:59:10.8360,-1.709,2.302,0.386,2.893
2020-07-28 13:59:10.8360,-1.709,2.302,0.386,2.893
2020-07-28 13:59:10.8420,-1.329,2.168,0.177,2.549
2020-07-28 13:59:10.8520,-0.6,1.871,0.082,1.967
2020-07-28 13:59:10.8630,-0.043,1.174,0.258,1.203
2020-07-28 13:59:10.8720,-0.06,0.279,0.304,0.417
2020-07-28 13:59:10.8820,-0.101,-0.766,0.244,0.81
2020-07-28 13:59:10.8920,-0.126,-2.049,0.197,2.062
2020-07-28 13:59:10.9310,0.716,-5.062,-0.573,5.144
2020-07-28 13:59:10.9320,0.716,-5.062,-0.573,5.144
2020-07-28 13:59:10.9320,0.716,-5.062,-0.573,5.144
2020-07-28 13:59:10.9330,1.653,-3.739,-0.659,4.141
2020-07-28 13:59:10.9420,1.22,-4.214,-1.014,4.503
2020-07-28 13:59:10.9520,0.168,-3.44,-1.205,3.649
2020-07-28 13:59:10.9620,0.059,-2.19,-0.996,2.407
2020-07-28 13:59:10.9720,0.198,-1.491,-0.716,1.666
2020-07-28 13:59:10.9830,0.104,-0.991,-0.589,1.158
2020-07-28 13:59:10.9920,-0.117,-0.3,-0.445,0.549
2020-07-28 13:59:11.0310,-1.306,4.123,0.097,4.326
2020-07-28 13:59:11.0320,-1.577,5.654,0.83,5.928
2020-07-28 13:59:11.0320,-1.577,5.654,0.83,5.928
2020-07-28 13:59:11.0330,-1.577,5.654,0.83,5.928
2020-07-28 13:59:11.0420,-3.18,6.27,0.743,7.069
2020-07-28 13:59:11.0520,-0.008,5.111,0.975,5.203
2020-07-28 13:59:11.0620,3.809,2.283,2.095,4.91
2020-07-28 13:59:11.0720,2.924,2.045,1.318,3.804
2020-07-28 13:59:11.0820,2.029,0.953,-0.901,2.416
2020-07-28 13:59:11.0920,1.848,2.268,0.004,2.926
2020-07-28 13:59:11.1320,0.769,1.852,0.009,2.005
2020-07-28 13:59:11.1320,0.769,1.852,0.009,2.005
2020-07-28 13:59:11.1320,0.769,1.852,0.009,2.005
2020-07-28 13:59:11.1340,0.769,1.852,0.009,2.005
2020-07-28 13:59:11.1420,1.527,3.583,0.021,3.895
2020-07-28 13:59:11.1520,2.314,4.251,-0.053,4.84
2020-07-28 13:59:11.1620,1.901,3.488,-0.118,3.974
2020-07-28 13:59:11.1720,1.28,2.592,0.067,2.892
2020-07-28 13:59:11.1820,0.61,2.025,0.353,2.144
2020-07-28 13:59:11.1910,-0.405,1.474,0.57,1.631
2020-07-28 13:59:11.2330,-0.832,1.231,0.233,1.504
2020-07-28 13:59:11.2340,-0.832,1.231,0.233,1.504
2020-07-28 13:59:11.2340,-0.832,1.231,0.233,1.504
2020-07-28 13:59:11.2340,-0.832,1.231,0.233,1.504
2020-07-28 13:59:11.2420,-0.16,0.643,0.044,0.664
2020-07-28 13:59:11.2510,0.26,-0.187,0.046,0.324
2020-07-28 13:59:11.2610,0.241,-1.161,-0.016,1.186
2020-07-28 13:59:11.2710,-0.089,-2.411,-0.106,2.415
2020-07-28 13:59:11.2810,-0.383,-4.594,-0.235,4.616
2020-07-28 13:59:11.2920,-0.965,-5.584,-0.015,5.667
2020-07-28 13:59:11.3350,-0.736,-2.48,-0.487,2.632
2020-07-28 13:59:11.3360,-0.736,-2.48,-0.487,2.632
2020-07-28 13:59:11.3360,-0.736,-2.48,-0.487,2.632
2020-07-28 13:59:11.3360,-0.736,-2.48,-0.487,2.632
2020-07-28 13:59:11.3410,-0.584,-1.463,-0.478,1.646
2020-07-28 13:59:11.3510,-0.447,-0.542,-0.33,0.776
2020-07-28 13:59:11.3620,-0.682,0.36,-0.149,0.785
2020-07-28 13:59:11.3710,-1.296,1.342,0.017,1.866
2020-07-28 13:59:11.3810,-2.511,2.881,0.556,3.862
2020-07-28 13:59:11.3910,-3.057,3.643,1.036,4.867
2020-07-28 13:59:11.4300,3.88,3.711,0.748,5.421
2020-07-28 13:59:11.4310,3.88,3.711,0.748,5.421
2020-07-28 13:59:11.4310,3.88,3.711,0.748,5.421
2020-07-28 13:59:11.4320,4.375,3.322,0.933,5.572
2020-07-28 13:59:11.4410,2.472,0.821,-0.805,2.726
2020-07-28 13:59:11.4510,1.286,1.62,1.17,2.376
2020-07-28 13:59:11.4610,-0.769,2.941,0.914,3.174
2020-07-28 13:59:11.4710,-0.894,2.128,0.312,2.329
2020-07-28 13:59:11.4810,-0.174,1.228,0.216,1.259
2020-07-28 13:59:11.4910,0.0,1.402,0.488,1.485
2020-07-28 13:59:11.5340,1.881,3.052,0.167,3.589
2020-07-28 13:59:11.5340,1.881,3.052,0.167,3.589
2020-07-28 13:59:11.5350,1.881,3.052,0.167,3.589
2020-07-28 13:59:11.5350,1.881,3.052,0.167,3.589
2020-07-28 13:59:11.5410,1.717,2.917,-0.057,3.385
2020-07-28 13:59:11.5500,1.536,3.193,-0.068,3.544
2020-07-28 13:59:11.5610,1.32,3.2,-0.081,3.463
2020-07-28 13:59:11.5700,0.702,2.59,0.082,2.685
2020-07-28 13:59:11.5810,-0.42,1.982,0.238,2.04
2020-07-28 13:59:11.5900,-1.135,1.932,0.01,2.241
2020-07-28 13:59:11.6270,-1.288,2.097,0.055,2.462
2020-07-28 13:59:11.6280,-1.288,2.097,0.055,2.462
2020-07-28 13:59:11.6280,-1.288,2.097,0.055,2.462
2020-07-28 13:59:11.6300,-0.514,1.83,-0.081,1.903
2020-07-28 13:59:11.6400,-0.056,1.285,0.126,1.292
2020-07-28 13:59:11.6500,0.016,0.482,0.234,0.536
2020-07-28 13:59:11.6600,0.084,-0.498,0.537,0.737
2020-07-28 13:59:11.6700,0.077,-1.709,0.43,1.764
2020-07-28 13:59:11.6800,-0.071,-3.699,0.034,3.7
2020-07-28 13:59:11.6910,-0.316,-6.791,-0.735,6.838
2020-07-28 13:59:11.7330,-0.114,-3.993,-1.309,4.204
2020-07-28 13:59:11.7340,-0.114,-3.993,-1.309,4.204
2020-07-28 13:59:11.7340,-0.114,-3.993,-1.309,4.204
2020-07-28 13:59:11.7340,-0.114,-3.993,-1.309,4.204
2020-07-28 13:59:11.7400,-0.785,-2.656,-1.1,2.98
2020-07-28 13:59:11.7500,-0.61,-1.805,-0.698,2.029
2020-07-28 13:59:11.7600,-0.643,-1.244,-0.284,1.429
2020-07-28 13:59:11.7700,-0.742,-0.721,-0.06,1.036
2020-07-28 13:59:11.7800,-0.805,-0.133,-0.047,0.817
2020-07-28 13:59:11.7900,-0.945,0.572,-0.172,1.118
2020-07-28 13:59:11.8320,-1.096,7.901,0.832,8.02
2020-07-28 13:59:11.8320,-1.096,7.901,0.832,8.02
2020-07-28 13:59:11.8320,-1.096,7.901,0.832,8.02
2020-07-28 13:59:11.8330,-1.096,7.901,0.832,8.02
2020-07-28 13:59:11.8400,2.425,5.339,1.736,6.115
2020-07-28 13:59:11.8500,3.783,2.647,2.689,5.343
2020-07-28 13:59:11.8600,2.319,1.581,-0.224,2.816
2020-07-28 13:59:11.8700,2.223,1.689,-0.874,2.925
2020-07-28 13:59:11.8800,0.506,3.854,-0.327,3.901
2020-07-28 13:59:11.8900,-0.604,3.712,0.106,3.762
2020-07-28 13:59:11.9320,2.472,4.775,0.283,5.384
2020-07-28 13:59:11.9320,2.472,4.775,0.283,5.384
2020-07-28 13:59:11.9320,2.472,4.775,0.283,5.384
2020-07-28 13:59:11.9320,2.472,4.775,0.283,5.384
2020-07-28 13:59:11.9390,2.36,3.533,-0.017,4.249
2020-07-28 13:59:11.9490,1.197,2.073,0.003,2.394
2020-07-28 13:59:11.9590,-0.005,1.332,0.299,1.365
2020-07-28 13:59:11.9690,-1.035,1.01,0.228,1.464
2020-07-28 13:59:11.9790,-1.2,0.961,0.201,1.55
2020-07-28 13:59:11.9900,-1.038,1.221,0.476,1.672
2020-07-28 13:59:12.0300,-0.095,0.626,-0.172,0.656
2020-07-28 13:59:12.0310,-0.095,0.626,-0.172,0.656
2020-07-28 13:59:12.0310,-0.095,0.626,-0.172,0.656
2020-07-28 13:59:12.0310,-0.095,0.626,-0.172,0.656
2020-07-28 13:59:12.0390,0.122,-0.393,-0.193,0.455
2020-07-28 13:59:12.0490,-0.231,-1.615,0.118,1.636
2020-07-28 13:59:12.0590,-0.923,-3.568,-0.143,3.688
2020-07-28 13:59:12.0690,-1.239,-6.364,-0.134,6.485
2020-07-28 13:59:12.0800,-0.867,-4.528,0.074,4.611
2020-07-28 13:59:12.0890,0.058,-2.952,-0.104,2.954
2020-07-28 13:59:12.1290,0.377,-1.879,-1.149,2.234
2020-07-28 13:59:12.1290,0.377,-1.879,-1.149,2.234
2020-07-28 13:59:12.1290,0.377,-1.879,-1.149,2.234
2020-07-28 13:59:12.1310,0.377,-1.879,-1.149,2.234
2020-07-28 13:59:12.1390,0.417,-1.364,-0.867,1.669
2020-07-28 13:59:12.1490,0.006,-0.676,-0.599,0.903
2020-07-28 13:59:12.1590,-0.491,0.257,-0.38,0.672
2020-07-28 13:59:12.1690,-1.404,1.531,-0.046,2.078
2020-07-28 13:59:12.1790,-3.703,4.59,1.528,6.092
2020-07-28 13:59:12.1900,-3.015,8.03,2.081,8.826
2020-07-28 13:59:12.2320,2.227,1.018,-2.12,3.239
2020-07-28 13:59:12.2320,2.227,1.018,-2.12,3.239
2020-07-28 13:59:12.2320,2.227,1.018,-2.12,3.239
2020-07-28 13:59:12.2330,2.227,1.018,-2.12,3.239
2020-07-28 13:59:12.2390,0.936,3.233,-0.241,3.374
2020-07-28 13:59:12.2490,-0.873,3.986,0.772,4.153
2020-07-28 13:59:12.2580,-0.512,1.762,0.761,1.986
2020-07-28 13:59:12.2690,0.298,0.487,0.444,0.723
2020-07-28 13:59:12.2790,0.918,1.642,0.767,2.032
2020-07-28 13:59:12.2890,1.755,3.096,0.718,3.631
2020-07-28 13:59:12.3300,1.192,2.487,-0.236,2.768
2020-07-28 13:59:12.3310,1.192,2.487,-0.236,2.768
2020-07-28 13:59:12.3310,1.192,2.487,-0.236,2.768
2020-07-28 13:59:12.3310,1.192,2.487,-0.236,2.768
2020-07-28 13:59:12.3380,0.106,2.389,0.238,2.403
2020-07-28 13:59:12.3480,-1.092,2.452,0.736,2.783
2020-07-28 13:59:12.3580,-2.247,2.468,0.745,3.42
2020-07-28 13:59:12.3680,-2.432,2.171,1.039,3.422
2020-07-28 13:59:12.3790,-2.033,2.096,0.931,3.065
2020-07-28 13:59:12.3880,-1.612,2.411,0.073,2.901
2020-07-28 13:59:12.4300,0.242,0.585,-0.211,0.667
2020-07-28 13:59:12.4300,0.242,0.585,-0.211,0.667
2020-07-28 13:59:12.4310,0.242,0.585,-0.211,0.667
2020-07-28 13:59:12.4310,0.242,0.585,-0.211,0.667
2020-07-28 13:59:12.4380,0.406,-0.344,0.15,0.553
2020-07-28 13:59:12.4480,0.716,-1.451,0.431,1.674
2020-07-28 13:59:12.4580,1.365,-3.551,0.531,3.841
2020-07-28 13:59:12.4680,1.293,-7.377,-1.003,7.556
2020-07-28 13:59:12.4780,1.176,-6.592,-1.328,6.826
2020-07-28 13:59:12.4890,2.174,-3.776,-0.91,4.451
2020-07-28 13:59:12.5330,0.301,-2.865,-1.048,3.065
2020-07-28 13:59:12.5340,0.301,-2.865,-1.048,3.065
2020-07-28 13:59:12.5340,0.301,-2.865,-1.048,3.065
2020-07-28 13:59:12.5340,0.301,-2.865,-1.048,3.065
2020-07-28 13:59:12.5380,-0.067,-2.16,-0.889,2.337
2020-07-28 13:59:12.5480,-0.411,-1.569,-0.464,1.687
2020-07-28 13:59:12.5580,-0.728,-1.027,-0.121,1.265
2020-07-28 13:59:12.5680,-0.802,-0.259,0.035,0.844
2020-07-28 13:59:12.5780,-1.362,0.817,0.014,1.588
2020-07-28 13:59:12.5880,-2.787,2.969,0.068,4.073
2020-07-28 13:59:12.6260,-2.686,5.134,0.026,5.794
2020-07-28 13:59:12.6260,-2.686,5.134,0.026,5.794
2020-07-28 13:59:12.6270,-2.686,5.134,0.026,5.794
2020-07-28 13:59:12.6280,2.247,5.308,1.422,5.937
2020-07-28 13:59:12.6380,5.746,4.688,4.146,8.496
2020-07-28 13:59:12.6480,3.584,2.205,1.481,4.461
2020-07-28 13:59:12.6580,2.467,1.29,-0.872,2.917
2020-07-28 13:59:12.6680,1.424,3.077,-1.095,3.563
2020-07-28 13:59:12.6780,-0.27,3.956,-0.413,3.987
2020-07-28 13:59:12.6880,-0.227,2.307,0.463,2.364
2020-07-28 13:59:12.7330,2.631,4.738,0.039,5.42
2020-07-28 13:59:12.7330,2.631,4.738,0.039,5.42
2020-07-28 13:59:12.7330,2.631,4.738,0.039,5.42
2020-07-28 13:59:12.7330,2.631,4.738,0.039,5.42
2020-07-28 13:59:12.7370,2.611,3.338,-0.125,4.24
2020-07-28 13:59:12.7470,1.813,2.549,0.053,3.128
2020-07-28 13:59:12.7580,0.393,2.065,0.432,2.146
2020-07-28 13:59:12.7670,-0.704,1.681,0.446,1.876
2020-07-28 13:59:12.7770,-1.115,1.374,0.292,1.793
2020-07-28 13:59:12.7870,-1.591,1.592,0.58,2.324
2020-07-28 13:59:12.8290,-0.02,1.648,-0.615,1.759
2020-07-28 13:59:12.8290,-0.02,1.648,-0.615,1.759
2020-07-28 13:59:12.8300,-0.02,1.648,-0.615,1.759
2020-07-28 13:59:12.8300,-0.02,1.648,-0.615,1.759
2020-07-28 13:59:12.8370,0.18,1.247,-0.604,1.397
2020-07-28 13:59:12.8470,0.297,0.614,-0.4,0.791
2020-07-28 13:59:12.8570,0.26,-0.083,0.065,0.281
2020-07-28 13:59:12.8670,0.155,-0.832,0.485,0.975
2020-07-28 13:59:12.8770,0.06,-1.81,0.6,1.908
2020-07-28 13:59:12.8870,-0.216,-3.768,0.233,3.781
2020-07-28 13:59:12.9330,1.465,-4.489,-0.985,4.824
2020-07-28 13:59:12.9340,1.465,-4.489,-0.985,4.824
2020-07-28 13:59:12.9340,1.465,-4.489,-0.985,4.824
2020-07-28 13:59:12.9340,1.465,-4.489,-0.985,4.824
2020-07-28 13:59:12.9370,0.252,-3.737,-0.708,3.812
2020-07-28 13:59:12.9470,-0.567,-2.471,-0.192,2.542
2020-07-28 13:59:12.9570,-1.08,-2.051,0.195,2.326
2020-07-28 13:59:12.9670,-1.36,-1.617,0.408,2.152
2020-07-28 13:59:12.9770,-1.271,-0.936,0.572,1.679
2020-07-28 13:59:12.9870,-1.247,-0.194,0.594,1.395
2020-07-28 13:59:13.0270,-1.565,3.392,0.892,3.841
2020-07-28 13:59:13.0270,-1.565,3.392,0.892,3.841
2020-07-28 13:59:13.0280,-1.565,3.392,0.892,3.841
2020-07-28 13:59:13.0280,-1.565,3.392,0.892,3.841
2020-07-28 13:59:13.0370,-1.347,2.626,0.322,2.969
2020-07-28 13:59:13.0470,-2.572,2.537,0.439,3.639
2020-07-28 13:59:13.0570,1.042,3.386,-0.725,3.616
2020-07-28 13:59:13.0670,4.158,4.044,1.328,5.95
2020-07-28 13:59:13.0770,3.299,4.421,1.351,5.679
2020-07-28 13:59:13.0870,2.38,1.467,-0.044,2.796
2020-07-28 13:59:13.1290,-0.425,1.681,0.447,1.791
2020-07-28 13:59:13.1290,-0.425,1.681,0.447,1.791
2020-07-28 13:59:13.1290,-0.425,1.681,0.447,1.791
2020-07-28 13:59:13.1290,-0.425,1.681,0.447,1.791
2020-07-28 13:59:13.1360,-0.127,1.246,0.094,1.256
2020-07-28 13:59:13.1460,0.319,2.113,0.123,2.14
2020-07-28 13:59:13.1560,1.445,2.723,0.248,3.093
2020-07-28 13:59:13.1660,2.413,2.513,-0.054,3.484
2020-07-28 13:59:13.1770,2.629,1.846,-0.29,3.225
2020-07-28 13:59:13.1860,2.013,1.811,-0.293,2.724
2020-07-28 13:59:13.2000,1.385,2.201,-0.239,2.611
2020-07-28 13:59:13.2300,-1.102,2.754,0.642,3.035
2020-07-28 13:59:13.2300,-1.102,2.754,0.642,3.035
2020-07-28 13:59:13.2310,-1.102,2.754,0.642,3.035
2020-07-28 13:59:13.2360,-2.359,3.099,0.688,3.955
2020-07-28 13:59:13.2460,-3.042,3.17,0.806,4.467
2020-07-28 13:59:13.2560,-2.359,3.001,0.48,3.847
2020-07-28 13:59:13.2660,-1.371,3.053,-0.196,3.352
2020-07-28 13:59:13.2760,-0.462,2.987,-0.349,3.043
2020-07-28 13:59:13.2860,0.008,2.79,-0.323,2.809
2020-07-28 13:59:13.2990,0.227,2.181,-0.076,2.194
2020-07-28 13:59:13.3280,1.375,-0.833,0.663,1.739
2020-07-28 13:59:13.3280,1.375,-0.833,0.663,1.739
2020-07-28 13:59:13.3280,1.375,-0.833,0.663,1.739
2020-07-28 13:59:13.3360,2.277,-2.496,0.887,3.493
2020-07-28 13:59:13.3460,3.279,-6.494,-0.45,7.289
2020-07-28 13:59:13.3560,2.8,-7.182,-1.844,7.926
2020-07-28 13:59:13.3660,2.702,-3.228,-0.312,4.221
2020-07-28 13:59:13.3760,2.173,-4.605,-0.625,5.13
2020-07-28 13:59:13.3860,1.442,-5.159,-1.036,5.456
2020-07-28 13:59:13.4190,-0.276,-1.726,-0.029,1.748
2020-07-28 13:59:13.4190,-0.276,-1.726,-0.029,1.748
2020-07-28 13:59:13.4190,-0.276,-1.726,-0.029,1.748
2020-07-28 13:59:13.4260,-0.546,-1.387,0.094,1.494
2020-07-28 13:59:13.4360,-0.606,-0.892,0.282,1.115
2020-07-28 13:59:13.4460,-0.827,-0.282,0.367,0.948
2020-07-28 13:59:13.4550,-1.046,0.504,0.427,1.237
2020-07-28 13:59:13.4660,-1.622,1.599,0.567,2.347
2020-07-28 13:59:13.4760,-2.555,3.208,0.673,4.156
2020-07-28 13:59:13.4860,-1.683,3.63,0.132,4.003
2020-07-28 13:59:13.5250,-1.482,4.786,1.635,5.27
2020-07-28 13:59:13.5250,-1.482,4.786,1.635,5.27
2020-07-28 13:59:13.5260,-1.482,4.786,1.635,5.27
2020-07-28 13:59:13.5270,-1.482,4.786,1.635,5.27
2020-07-28 13:59:13.5350,4.126,3.826,4.736,7.355
2020-07-28 13:59:13.5450,2.496,2.727,3.276,4.94
2020-07-28 13:59:13.5560,0.671,3.406,0.313,3.486
2020-07-28 13:59:13.5650,1.733,3.205,-0.871,3.746
2020-07-28 13:59:13.5760,0.675,2.922,-1.183,3.224
2020-07-28 13:59:13.5860,-0.227,2.602,-0.453,2.651
2020-07-28 13:59:13.6320,2.01,2.825,0.391,3.489
2020-07-28 13:59:13.6330,2.01,2.825,0.391,3.489
2020-07-28 13:59:13.6330,2.01,2.825,0.391,3.489
2020-07-28 13:59:13.6330,2.01,2.825,0.391,3.489
2020-07-28 13:59:13.6350,2.319,2.222,0.208,3.218
2020-07-28 13:59:13.6450,2.105,1.696,0.243,2.714
2020-07-28 13:59:13.6550,1.516,2.319,0.516,2.818
2020-07-28 13:59:13.6650,0.844,2.502,0.826,2.767
2020-07-28 13:59:13.6750,0.032,2.211,0.987,2.422
2020-07-28 13:59:13.6850,-0.963,2.27,1.019,2.668
2020-07-28 13:59:13.7230,-1.416,2.554,0.744,3.014
2020-07-28 13:59:13.7230,-1.416,2.554,0.744,3.014
2020-07-28 13:59:13.7240,-1.416,2.554,0.744,3.014
2020-07-28 13:59:13.7250,-0.6,2.335,0.022,2.411
2020-07-28 13:59:13.7350,0.178,2.212,-0.236,2.232
2020-07-28 13:59:13.7450,0.626,2.07,-0.331,2.188
2020-07-28 13:59:13.7550,0.823,1.555,-0.348,1.793
2020-07-28 13:59:13.7650,0.942,0.735,-0.267,1.224
2020-07-28 13:59:13.7750,1.044,-0.121,-0.06,1.053
2020-07-28 13:59:13.7850,1.167,-0.981,0.06,1.526
2020-07-28 13:59:13.7980,1.398,-1.944,0.256,2.408
2020-07-28 13:59:13.8250,0.453,-4.638,-0.888,4.744
2020-07-28 13:59:13.8260,0.453,-4.638,-0.888,4.744
2020-07-28 13:59:13.8260,0.453,-4.638,-0.888,4.744
2020-07-28 13:59:13.8350,0.856,-2.247,-0.953,2.586
2020-07-28 13:59:13.8440,0.497,-3.223,-1.242,3.49
2020-07-28 13:59:13.8540,0.097,-3.319,-1.33,3.577
2020-07-28 13:59:13.8640,0.084,-2.083,-1.122,2.367
2020-07-28 13:59:13.8740,-0.181,-1.187,-0.816,1.452
2020-07-28 13:59:13.8840,-0.646,-0.629,-0.568,1.066
2020-07-28 13:59:13.9260,-1.937,1.222,0.482,2.34
2020-07-28 13:59:13.9270,-1.937,1.222,0.482,2.34
2020-07-28 13:59:13.9270,-1.937,1.222,0.482,2.34
2020-07-28 13:59:13.9270,-1.937,1.222,0.482,2.34
2020-07-28 13:59:13.9340,-2.035,1.614,1.034,2.796
2020-07-28 13:59:13.9440,-2.024,1.637,1.605,3.058
2020-07-28 13:59:13.9540,-2.315,1.217,1.662,3.099
2020-07-28 13:59:13.9640,-2.665,1.038,1.891,3.429
2020-07-28 13:59:13.9740,-3.91,1.947,1.607,4.654
2020-07-28 13:59:13.9840,1.259,3.383,2.119,4.186
2020-07-28 13:59:14.0220,2.836,1.677,-1.522,3.629
2020-07-28 13:59:14.0230,2.836,1.677,-1.522,3.629
2020-07-28 13:59:14.0230,2.836,1.677,-1.522,3.629
2020-07-28 13:59:14.0240,2.603,1.284,-2.341,3.729
2020-07-28 13:59:14.0340,0.446,2.679,-1.342,3.029
2020-07-28 13:59:14.0440,-0.316,2.713,-0.066,2.732
2020-07-28 13:59:14.0540,-0.553,2.417,0.537,2.537
2020-07-28 13:59:14.0640,-0.714,1.942,-0.039,2.069
2020-07-28 13:59:14.0740,-0.463,1.666,-0.093,1.732
2020-07-28 13:59:14.0840,0.093,1.954,0.253,1.973
2020-07-28 13:59:14.1210,1.855,1.253,-0.162,2.244
2020-07-28 13:59:14.1220,1.855,1.253,-0.162,2.244
2020-07-28 13:59:14.1220,1.855,1.253,-0.162,2.244
2020-07-28 13:59:14.1240,1.923,1.005,-0.432,2.212
2020-07-28 13:59:14.1340,1.328,1.147,-0.256,1.773
2020-07-28 13:59:14.1440,0.699,1.512,-0.061,1.667
2020-07-28 13:59:14.1540,0.319,1.774,0.104,1.805
2020-07-28 13:59:14.1640,-0.147,1.876,0.242,1.897
2020-07-28 13:59:14.1740,-0.924,1.945,0.349,2.181
2020-07-28 13:59:14.1840,-1.873,2.078,0.329,2.817
2020-07-28 13:59:14.2270,-0.527,2.035,-0.115,2.105
2020-07-28 13:59:14.2280,-0.527,2.035,-0.115,2.105
2020-07-28 13:59:14.2280,-0.527,2.035,-0.115,2.105
2020-07-28 13:59:14.2280,-0.527,2.035,-0.115,2.105
2020-07-28 13:59:14.2330,0.02,1.815,-0.07,1.816
2020-07-28 13:59:14.2430,0.34,1.555,0.024,1.592
2020-07-28 13:59:14.2530,0.448,1.14,0.15,1.234
2020-07-28 13:59:14.2630,0.445,0.535,0.293,0.755
2020-07-28 13:59:14.2730,0.504,-0.138,0.485,0.713
2020-07-28 13:59:14.2830,0.627,-0.795,0.539,1.147
2020-07-28 13:59:14.3220,0.844,-2.934,-0.223,3.061
2020-07-28 13:59:14.3230,0.846,-2.704,-0.299,2.849
2020-07-28 13:59:14.3230,0.846,-2.704,-0.299,2.849
2020-07-28 13:59:14.3250,0.846,-2.704,-0.299,2.849
2020-07-28 13:59:14.3330,0.887,-1.929,-0.31,2.146
2020-07-28 13:59:14.3430,0.868,-1.512,-0.295,1.768
2020-07-28 13:59:14.3530,0.608,-1.312,-0.259,1.469
2020-07-28 13:59:14.3630,0.302,-1.085,0.069,1.128
2020-07-28 13:59:14.3730,0.068,-0.867,0.675,1.101
2020-07-28 13:59:14.3830,-0.128,-0.722,1.093,1.316
2020-07-28 13:59:14.4260,-2.172,0.224,0.549,2.251
2020-07-28 13:59:14.4260,-2.172,0.224,0.549,2.251
2020-07-28 13:59:14.4260,-2.172,0.224,0.549,2.251
2020-07-28 13:59:14.4260,-2.172,0.224,0.549,2.251
2020-07-28 13:59:14.4330,-1.945,0.842,0.356,2.149
2020-07-28 13:59:14.4430,-1.018,1.013,-0.266,1.461
2020-07-28 13:59:14.4530,-0.256,0.595,-1.075,1.255
2020-07-28 13:59:14.4630,-1.231,0.381,-0.914,1.58
2020-07-28 13:59:14.4730,-6.4,2.586,0.183,6.905
2020-07-28 13:59:14.4830,-0.983,4.572,0.931,4.768
2020-07-28 13:59:14.5220,0.394,2.004,-0.06,2.043
2020-07-28 13:59:14.5230,1.31,2.867,-0.232,3.161
2020-07-28 13:59:14.5230,1.31,2.867,-0.232,3.161
2020-07-28 13:59:14.5240,1.31,2.867,-0.232,3.161
2020-07-28 13:59:14.5330,0.394,3.045,-1.521,3.426
2020-07-28 13:59:14.5420,0.03,3.054,-0.253,3.065
2020-07-28 13:59:14.5530,-0.608,2.798,0.461,2.9
2020-07-28 13:59:14.5620,-0.612,2.288,0.53,2.427
2020-07-28 13:59:14.5730,0.167,2.325,0.519,2.388
2020-07-28 13:59:14.5830,0.966,2.455,0.318,2.657
2020-07-28 13:59:14.6250,1.099,2.8,0.975,3.162
2020-07-28 13:59:14.6260,1.099,2.8,0.975,3.162
2020-07-28 13:59:14.6260,1.099,2.8,0.975,3.162
2020-07-28 13:59:14.6260,1.099,2.8,0.975,3.162
2020-07-28 13:59:14.6320,0.977,2.906,1.41,3.375
2020-07-28 13:59:14.6420,0.652,3.053,1.547,3.484
2020-07-28 13:59:14.6520,0.172,3.248,1.554,3.605
2020-07-28 13:59:14.6620,-0.099,3.075,1.333,3.353
2020-07-28 13:59:14.6720,-0.087,3.056,1.123,3.257
2020-07-28 13:59:14.6830,-0.04,2.972,0.646,3.042
2020-07-28 13:59:14.7220,1.741,1.175,0.54,2.169
2020-07-28 13:59:14.7220,2.056,0.819,0.581,2.288
2020-07-28 13:59:14.7220,2.056,0.819,0.581,2.288
2020-07-28 13:59:14.7230,2.056,0.819,0.581,2.288
2020-07-28 13:59:14.7320,1.744,0.218,0.477,1.821
2020-07-28 13:59:14.7420,1.303,-0.3,0.486,1.423
2020-07-28 13:59:14.7520,0.918,-0.512,0.632,1.226
2020-07-28 13:59:14.7620,0.518,-0.602,0.669,1.038
2020-07-28 13:59:14.7720,0.194,-0.626,0.664,0.933
2020-07-28 13:59:14.7820,0.026,-0.586,0.674,0.894
2020-07-28 13:59:14.7970,0.043,-0.513,0.406,0.656
2020-07-28 13:59:14.8260,0.022,-1.111,0.166,1.124
2020-07-28 13:59:14.8260,0.022,-1.111,0.166,1.124
2020-07-28 13:59:14.8260,0.022,-1.111,0.166,1.124
2020-07-28 13:59:14.8320,-0.483,-1.316,0.485,1.483
2020-07-28 13:59:14.8420,-1.293,-1.603,0.493,2.118
2020-07-28 13:59:14.8520,-2.405,-1.811,0.612,3.072
2020-07-28 13:59:14.8620,-3.331,-1.607,0.717,3.767
2020-07-28 13:59:14.8720,-3.528,-1.082,0.64,3.745
2020-07-28 13:59:14.8820,-3.364,-0.662,0.57,3.476
2020-07-28 13:59:14.9220,-4.208,0.384,0.096,4.227
2020-07-28 13:59:14.9220,-4.208,0.384,0.096,4.227
2020-07-28 13:59:14.9220,-4.208,0.384,0.096,4.227
2020-07-28 13:59:14.9240,-4.208,0.384,0.096,4.227
2020-07-28 13:59:14.9320,-3.295,0.398,-0.154,3.323
2020-07-28 13:59:14.9410,-2.325,0.252,-0.568,2.407
2020-07-28 13:59:14.9520,-1.504,-0.148,-0.209,1.526
2020-07-28 13:59:14.9610,-2.063,-0.131,-0.748,2.198
2020-07-28 13:59:14.9710,-0.476,2.647,0.086,2.691
2020-07-28 13:59:14.9820,2.71,7.338,2.86,8.329
2020-07-28 13:59:15.0240,-0.528,1.669,-0.493,1.819
2020-07-28 13:59:15.0250,-0.528,1.669,-0.493,1.819
2020-07-28 13:59:15.0250,-0.528,1.669,-0.493,1.819
2020-07-28 13:59:15.0250,-0.528,1.669,-0.493,1.819
2020-07-28 13:59:15.0310,-1.447,1.75,0.791,2.405
2020-07-28 13:59:15.0410,-1.967,0.807,1.226,2.454
2020-07-28 13:59:15.0510,-1.749,0.635,0.901,2.067
2020-07-28 13:59:15.0610,-1.054,1.282,0.445,1.718
2020-07-28 13:59:15.0710,-0.484,1.613,0.237,1.701
2020-07-28 13:59:15.0810,-0.006,1.813,0.37,1.85
2020-07-28 13:59:15.1230,0.507,2.21,0.964,2.464
2020-07-28 13:59:15.1230,0.507,2.21,0.964,2.464
2020-07-28 13:59:15.1240,0.507,2.21,0.964,2.464
2020-07-28 13:59:15.1240,0.507,2.21,0.964,2.464
2020-07-28 13:59:15.1310,0.705,2.043,0.887,2.336
2020-07-28 13:59:15.1410,0.706,1.902,0.678,2.139
2020-07-28 13:59:15.1510,0.573,1.74,0.534,1.908
2020-07-28 13:59:15.1610,0.342,1.501,0.584,1.647
2020-07-28 13:59:15.1710,0.195,1.417,0.787,1.633
2020-07-28 13:59:15.1810,0.236,1.813,1.087,2.127
2020-07-28 13:59:15.2240,0.234,3.049,0.462,3.093
2020-07-28 13:59:15.2240,0.234,3.049,0.462,3.093
2020-07-28 13:59:15.2240,0.234,3.049,0.462,3.093
2020-07-28 13:59:15.2250,0.234,3.049,0.462,3.093
2020-07-28 13:59:15.2310,0.521,3.16,0.334,3.22
2020-07-28 13:59:15.2410,0.933,2.927,0.261,3.083
2020-07-28 13:59:15.2510,1.381,2.364,0.138,2.741
2020-07-28 13:59:15.2610,1.665,1.891,-0.042,2.52
2020-07-28 13:59:15.2710,1.682,1.508,-0.298,2.279
2020-07-28 13:59:15.2810,1.441,1.121,-0.435,1.877
2020-07-28 13:59:15.3180,0.859,0.37,-0.401,1.018
2020-07-28 13:59:15.3180,0.859,0.37,-0.401,1.018
2020-07-28 13:59:15.3180,0.859,0.37,-0.401,1.018
2020-07-28 13:59:15.3200,0.764,0.157,-0.394,0.874
2020-07-28 13:59:15.3310,0.779,0.0,-0.347,0.853
2020-07-28 13:59:15.3400,0.878,-0.117,-0.326,0.944
2020-07-28 13:59:15.3500,0.884,-0.204,-0.303,0.956
2020-07-28 13:59:15.3610,0.836,-0.191,-0.141,0.869
2020-07-28 13:59:15.3700,0.789,-0.047,0.092,0.796
2020-07-28 13:59:15.3810,0.701,0.177,0.365,0.81
2020-07-28 13:59:15.4180,0.139,0.212,0.371,0.449
2020-07-28 13:59:15.4180,0.139,0.212,0.371,0.449
2020-07-28 13:59:15.4180,0.139,0.212,0.371,0.449
2020-07-28 13:59:15.4200,-0.48,0.313,0.373,0.684
2020-07-28 13:59:15.4300,-1.382,0.281,0.505,1.498
2020-07-28 13:59:15.4400,-2.408,0.049,0.589,2.479
2020-07-28 13:59:15.4500,-3.649,-0.026,0.982,3.779
2020-07-28 13:59:15.4600,-4.57,0.418,1.323,4.776
2020-07-28 13:59:15.4710,-4.921,1.158,1.025,5.158
2020-07-28 13:59:15.4810,-4.427,1.296,0.519,4.642
2020-07-28 13:59:15.5210,-2.555,-0.293,-0.025,2.572
2020-07-28 13:59:15.5210,-2.555,-0.293,-0.025,2.572
2020-07-28 13:59:15.5220,-2.555,-0.293,-0.025,2.572
2020-07-28 13:59:15.5220,-2.555,-0.293,-0.025,2.572
2020-07-28 13:59:15.5300,-3.324,-0.338,0.793,3.434
2020-07-28 13:59:15.5400,-5.437,1.185,0.167,5.567
2020-07-28 13:59:15.5500,-3.651,4.338,-0.614,5.703
2020-07-28 13:59:15.5600,1.42,5.429,0.132,5.613
2020-07-28 13:59:15.5700,2.184,3.074,1.1,3.928
2020-07-28 13:59:15.5800,0.796,1.73,0.488,1.966
2020-07-28 13:59:15.6170,0.046,2.009,-0.049,2.01
2020-07-28 13:59:15.6180,0.046,2.009,-0.049,2.01
2020-07-28 13:59:15.6180,0.046,2.009,-0.049,2.01
2020-07-28 13:59:15.6200,-0.746,2.024,0.633,2.248
2020-07-28 13:59:15.6300,-1.344,1.867,0.837,2.448
2020-07-28 13:59:15.6400,-1.34,1.929,0.824,2.489
2020-07-28 13:59:15.6500,-0.753,2.495,0.63,2.681
2020-07-28 13:59:15.6590,0.131,2.939,0.638,3.01
2020-07-28 13:59:15.6700,1.056,3.029,0.64,3.271
2020-07-28 13:59:15.6800,1.837,3.134,0.487,3.665
2020-07-28 13:59:15.7270,0.328,2.446,0.849,2.61
2020-07-28 13:59:15.7270,0.328,2.446,0.849,2.61
2020-07-28 13:59:15.7270,0.328,2.446,0.849,2.61
2020-07-28 13:59:15.7270,0.328,2.446,0.849,2.61
2020-07-28 13:59:15.7290,0.688,2.569,1.41,3.01
2020-07-28 13:59:15.7390,0.922,2.749,1.236,3.152
2020-07-28 13:59:15.7490,0.378,2.962,-0.006,2.986
2020-07-28 13:59:15.7590,-0.115,2.541,-0.548,2.602
2020-07-28 13:59:15.7690,0.474,1.869,-0.322,1.955
2020-07-28 13:59:15.7790,1.323,1.598,-0.053,2.075
2020-07-28 13:59:15.8170,1.712,0.23,0.029,1.728
2020-07-28 13:59:15.8170,1.712,0.23,0.029,1.728
2020-07-28 13:59:15.8180,1.712,0.23,0.029,1.728
2020-07-28 13:59:15.8190,1.355,-0.306,0.146,1.397
2020-07-28 13:59:15.8290,0.939,-0.486,0.151,1.068
2020-07-28 13:59:15.8390,0.554,-0.401,0.057,0.686
2020-07-28 13:59:15.8490,0.231,-0.155,-0.038,0.281
2020-07-28 13:59:15.8590,0.003,-0.069,-0.311,0.319
2020-07-28 13:59:15.8690,-0.111,-0.45,-0.534,0.707
2020-07-28 13:59:15.8790,-0.185,-1.155,-0.623,1.325
2020-07-28 13:59:15.9210,-2.218,-1.555,0.076,2.71
2020-07-28 13:59:15.9220,-2.218,-1.555,0.076,2.71
2020-07-28 13:59:15.9220,-2.218,-1.555,0.076,2.71
2020-07-28 13:59:15.9220,-2.218,-1.555,0.076,2.71
2020-07-28 13:59:15.9290,-3.395,-1.031,0.574,3.594
2020-07-28 13:59:15.9390,-4.764,-0.609,1.076,4.922
2020-07-28 13:59:15.9490,-5.243,-0.002,1.319,5.406
2020-07-28 13:59:15.9590,-4.602,0.362,1.09,4.743
2020-07-28 13:59:15.9690,-3.632,0.268,0.845,3.739
2020-07-28 13:59:15.9790,-3.075,0.107,0.709,3.157
2020-07-28 13:59:16.0170,-1.773,0.979,-0.22,2.037
2020-07-28 13:59:16.0180,-1.773,0.979,-0.22,2.037
2020-07-28 13:59:16.0180,-1.773,0.979,-0.22,2.037
2020-07-28 13:59:16.0190,-3.541,1.999,0.504,4.097
2020-07-28 13:59:16.0290,-2.672,3.655,1.65,4.819
2020-07-28 13:59:16.0380,1.429,4.617,2.929,5.651
2020-07-28 13:59:16.0490,3.824,2.01,4.382,6.153
2020-07-28 13:59:16.0580,1.574,1.513,1.915,2.904
2020-07-28 13:59:16.0690,0.983,1.548,-0.397,1.876
2020-07-28 13:59:16.0780,1.146,1.899,-1.061,2.459
2020-07-28 13:59:16.1210,-0.37,2.504,0.827,2.663
2020-07-28 13:59:16.1210,-0.37,2.504,0.827,2.663
2020-07-28 13:59:16.1210,-0.37,2.504,0.827,2.663
2020-07-28 13:59:16.1210,-0.37,2.504,0.827,2.663
2020-07-28 13:59:16.1280,0.94,2.633,0.669,2.875
2020-07-28 13:59:16.1380,2.065,2.902,0.62,3.615
2020-07-28 13:59:16.1480,2.868,2.481,0.545,3.831
2020-07-28 13:59:16.1580,3.747,1.848,0.301,4.189
2020-07-28 13:59:16.1680,3.153,2.232,0.243,3.871
2020-07-28 13:59:16.1790,2.271,2.681,0.509,3.55
2020-07-28 13:59:16.2180,0.058,3.897,1.651,4.233
2020-07-28 13:59:16.2180,-0.461,4.405,1.824,4.79
2020-07-28 13:59:16.2180,-0.461,4.405,1.824,4.79
2020-07-28 13:59:16.2200,-0.461,4.405,1.824,4.79
2020-07-28 13:59:16.2280,-1.081,4.282,1.272,4.596
2020-07-28 13:59:16.2380,-0.732,3.261,0.6,3.396
2020-07-28 13:59:16.2480,0.387,2.844,0.448,2.905
2020-07-28 13:59:16.2580,1.015,2.984,0.188,3.158
2020-07-28 13:59:16.2680,1.819,3.275,-0.006,3.746
2020-07-28 13:59:16.2790,2.5,3.013,-0.472,3.943
2020-07-28 13:59:16.3210,1.244,-0.444,-0.279,1.35
2020-07-28 13:59:16.3210,1.244,-0.444,-0.279,1.35
2020-07-28 13:59:16.3210,1.244,-0.444,-0.279,1.35
2020-07-28 13:59:16.3210,1.244,-0.444,-0.279,1.35
2020-07-28 13:59:16.3280,0.956,-0.743,-0.143,1.219
2020-07-28 13:59:16.3380,0.817,-1.148,0.004,1.409
2020-07-28 13:59:16.3480,0.781,-1.544,0.239,1.747
2020-07-28 13:59:16.3580,0.777,-2.277,0.454,2.448
2020-07-28 13:59:16.3680,0.41,-4.156,0.273,4.185
2020-07-28 13:59:16.3780,-0.621,-6.358,-0.593,6.416
2020-07-28 13:59:16.4190,-0.705,-1.908,-1.405,2.472
2020-07-28 13:59:16.4200,-0.705,-1.908,-1.405,2.472
2020-07-28 13:59:16.4200,-0.705,-1.908,-1.405,2.472
2020-07-28 13:59:16.4200,-0.705,-1.908,-1.405,2.472
2020-07-28 13:59:16.4280,-1.827,-0.94,-1.035,2.301
2020-07-28 13:59:16.4370,-3.09,-0.601,-0.432,3.177
2020-07-28 13:59:16.4480,-3.705,-0.42,-0.047,3.729
2020-07-28 13:59:16.4570,-3.198,-0.124,0.066,3.201
2020-07-28 13:59:16.4670,-2.397,0.164,-0.111,2.405
2020-07-28 13:59:16.4770,-1.981,0.388,-0.159,2.025
2020-07-28 13:59:16.5140,-0.892,1.924,0.304,2.142
2020-07-28 13:59:16.5140,-0.892,1.924,0.304,2.142
2020-07-28 13:59:16.5150,-0.892,1.924,0.304,2.142
2020-07-28 13:59:16.5170,-0.498,2.782,1.603,3.249
2020-07-28 13:59:16.5270,-5.092,5.388,4.81,8.837
2020-07-28 13:59:16.5370,-6.277,6.938,3.649,10.042
2020-07-28 13:59:16.5470,2.859,0.779,2.703,4.011
2020-07-28 13:59:16.5570,1.618,0.583,0.81,1.901
2020-07-28 13:59:16.5670,0.036,4.103,-2.211,4.661
2020-07-28 13:59:16.5780,1.023,5.313,-0.751,5.462
2020-07-28 13:59:16.6210,0.398,2.769,-0.04,2.798
2020-07-28 13:59:16.6210,0.398,2.769,-0.04,2.798
2020-07-28 13:59:16.6210,0.398,2.769,-0.04,2.798
2020-07-28 13:59:16.6220,0.398,2.769,-0.04,2.798
2020-07-28 13:59:16.6270,1.777,2.767,-0.268,3.299
2020-07-28 13:59:16.6370,2.42,2.367,-0.527,3.426
2020-07-28 13:59:16.6470,2.77,1.709,-0.053,3.255
2020-07-28 13:59:16.6570,2.102,2.15,0.084,3.008
2020-07-28 13:59:16.6670,1.471,2.884,0.542,3.283
2020-07-28 13:59:16.6770,0.967,3.063,1.074,3.387
2020-07-28 13:59:16.7160,0.782,2.418,0.333,2.563
2020-07-28 13:59:16.7170,0.782,2.418,0.333,2.563
2020-07-28 13:59:16.7170,0.782,2.418,0.333,2.563
2020-07-28 13:59:16.7180,0.782,2.418,0.333,2.563
2020-07-28 13:59:16.7270,0.827,2.036,-0.2,2.207
2020-07-28 13:59:16.7370,1.703,1.928,-0.022,2.573
2020-07-28 13:59:16.7470,2.49,2.454,-0.255,3.505
2020-07-28 13:59:16.7570,3.105,3.0,-0.862,4.403
2020-07-28 13:59:16.7670,3.079,1.687,-0.984,3.646
2020-07-28 13:59:16.7770,2.1,0.487,-0.367,2.187
2020-07-28 13:59:16.8200,0.371,-0.258,1.065,1.157
2020-07-28 13:59:16.8200,0.371,-0.258,1.065,1.157
2020-07-28 13:59:16.8210,0.371,-0.258,1.065,1.157
2020-07-28 13:59:16.8210,0.371,-0.258,1.065,1.157
2020-07-28 13:59:16.8260,0.291,-0.86,1.611,1.849
2020-07-28 13:59:16.8360,-0.105,-1.855,1.847,2.62
2020-07-28 13:59:16.8470,-1.396,-3.805,1.521,4.329
2020-07-28 13:59:16.8560,-2.66,-5.32,0.939,6.022
2020-07-28 13:59:16.8660,-1.869,-3.578,0.255,4.045
2020-07-28 13:59:16.8760,-0.404,-2.478,0.198,2.519
2020-07-28 13:59:16.9130,-3.662,-0.135,1.181,3.85
2020-07-28 13:59:16.9140,-3.662,-0.135,1.181,3.85
2020-07-28 13:59:16.9140,-3.662,-0.135,1.181,3.85
2020-07-28 13:59:16.9160,-4.851,0.173,1.423,5.058
2020-07-28 13:59:16.9260,-3.955,0.392,1.231,4.161
2020-07-28 13:59:16.9360,-2.9,0.812,0.952,3.158
2020-07-28 13:59:16.9460,-2.428,0.966,1.237,2.891
2020-07-28 13:59:16.9560,-2.275,0.742,0.974,2.584
2020-07-28 13:59:16.9660,-2.001,0.686,0.042,2.116
2020-07-28 13:59:16.9760,-1.436,0.838,0.006,1.663
2020-07-28 13:59:17.0210,2.098,1.622,1.656,3.126
2020-07-28 13:59:17.0220,2.098,1.622,1.656,3.126
2020-07-28 13:59:17.0220,2.098,1.622,1.656,3.126
2020-07-28 13:59:17.0220,2.098,1.622,1.656,3.126
2020-07-28 13:59:17.0260,1.569,2.566,1.075,3.194
2020-07-28 13:59:17.0360,2.092,3.114,-0.161,3.755
2020-07-28 13:59:17.0460,1.715,2.167,-1.33,3.067
2020-07-28 13:59:17.0560,0.475,2.411,0.023,2.457
2020-07-28 13:59:17.0660,-0.649,3.156,1.042,3.386
2020-07-28 13:59:17.0760,-0.746,3.188,0.753,3.36
2020-07-28 13:59:17.1170,3.401,3.203,-0.325,4.683
2020-07-28 13:59:17.1170,3.401,3.203,-0.325,4.683
2020-07-28 13:59:17.1170,3.401,3.203,-0.325,4.683
2020-07-28 13:59:17.1170,3.401,3.203,-0.325,4.683
2020-07-28 13:59:17.1260,2.959,2.523,-0.471,3.917
2020-07-28 13:59:17.1360,0.876,2.434,0.497,2.634
2020-07-28 13:59:17.1460,-0.49,2.849,1.188,3.125
2020-07-28 13:59:17.1560,-0.331,2.826,0.968,3.005
2020-07-28 13:59:17.1660,-0.064,2.376,0.701,2.478
2020-07-28 13:59:17.1760,-0.608,2.038,0.172,2.134
2020-07-28 13:59:17.2210,1.255,1.971,-0.583,2.408
2020-07-28 13:59:17.2220,1.255,1.971,-0.583,2.408
2020-07-28 13:59:17.2220,1.255,1.971,-0.583,2.408
2020-07-28 13:59:17.2220,1.255,1.971,-0.583,2.408
2020-07-28 13:59:17.2250,1.459,1.563,-0.832,2.294
2020-07-28 13:59:17.2350,1.462,0.947,-0.949,1.984
2020-07-28 13:59:17.2450,1.356,0.369,-0.84,1.637
2020-07-28 13:59:17.2550,1.16,-0.093,-0.618,1.318
2020-07-28 13:59:17.2650,0.932,-0.503,-0.37,1.122
2020-07-28 13:59:17.2750,0.713,-0.977,0.071,1.212
2020-07-28 13:59:17.2890,0.53,-1.616,0.561,1.791
2020-07-28 13:59:17.3150,-1.042,-4.812,-0.231,4.929
2020-07-28 13:59:17.3150,-1.042,-4.812,-0.231,4.929
2020-07-28 13:59:17.3160,-1.042,-4.812,-0.231,4.929
2020-07-28 13:59:17.3250,-0.093,-2.917,-0.481,2.958
2020-07-28 13:59:17.3350,0.47,-3.07,-0.856,3.222
2020-07-28 13:59:17.3450,0.075,-3.111,-1.102,3.301
2020-07-28 13:59:17.3550,-0.427,-2.006,-0.951,2.261
2020-07-28 13:59:17.3650,-0.666,-1.189,-0.438,1.431
2020-07-28 13:59:17.3750,-0.998,-0.743,-0.019,1.244
2020-07-28 13:59:17.4180,-1.807,1.016,0.162,2.079
2020-07-28 13:59:17.4180,-1.807,1.016,0.162,2.079
2020-07-28 13:59:17.4190,-1.807,1.016,0.162,2.079
2020-07-28 13:59:17.4190,-1.807,1.016,0.162,2.079
2020-07-28 13:59:17.4250,-1.424,2.043,0.09,2.492
2020-07-28 13:59:17.4350,-1.195,3.025,0.499,3.291
2020-07-28 13:59:17.4450,-0.56,2.601,0.267,2.674
2020-07-28 13:59:17.4550,-1.314,2.004,1.101,2.637
2020-07-28 13:59:17.4650,-7.085,4.703,2.305,8.811
2020-07-28 13:59:17.4750,-2.306,4.759,2.031,5.665
2020-07-28 13:59:17.5130,1.285,3.778,-0.819,4.074
2020-07-28 13:59:17.5130,1.285,3.778,-0.819,4.074
2020-07-28 13:59:17.5140,1.285,3.778,-0.819,4.074
2020-07-28 13:59:17.5150,2.081,3.189,-1.497,4.092
2020-07-28 13:59:17.5250,1.618,2.499,-1.003,3.141
2020-07-28 13:59:17.5350,0.212,2.225,0.402,2.271
2020-07-28 13:59:17.5450,-0.214,2.66,0.643,2.745
2020-07-28 13:59:17.5550,-0.123,3.033,0.438,3.067
2020-07-28 13:59:17.5650,0.518,3.423,0.409,3.486
2020-07-28 13:59:17.5750,1.444,4.493,0.637,4.762
2020-07-28 13:59:17.6130,1.914,1.641,0.069,2.522
2020-07-28 13:59:17.6130,1.914,1.641,0.069,2.522
2020-07-28 13:59:17.6130,1.914,1.641,0.069,2.522
2020-07-28 13:59:17.6150,0.45,0.631,0.259,0.817
2020-07-28 13:59:17.6240,-0.054,0.397,0.069,0.407
2020-07-28 13:59:17.6340,0.493,0.51,0.297,0.769
2020-07-28 13:59:17.6440,-0.24,1.231,0.462,1.337
2020-07-28 13:59:17.6540,-1.757,2.244,0.09,2.851
2020-07-28 13:59:17.6640,-1.153,1.915,-0.009,2.235
2020-07-28 13:59:17.6740,-0.158,1.17,-0.055,1.182
2020-07-28 13:59:17.7200,0.111,0.372,-0.386,0.547
2020-07-28 13:59:17.7200,0.111,0.372,-0.386,0.547
2020-07-28 13:59:17.7210,0.111,0.372,-0.386,0.547
2020-07-28 13:59:17.7210,0.111,0.372,-0.386,0.547
2020-07-28 13:59:17.7240,0.183,0.09,-0.332,0.39
2020-07-28 13:59:17.7340,0.085,-0.286,-0.153,0.335
2020-07-28 13:59:17.7440,-0.18,-0.77,0.065,0.793
2020-07-28 13:59:17.7540,-0.583,-1.48,0.073,1.592
2020-07-28 13:59:17.7640,-1.112,-2.509,-0.126,2.747
2020-07-28 13:59:17.7740,-1.336,-3.261,-0.393,3.546
2020-07-28 13:59:17.8170,0.473,-2.219,-1.056,2.503
2020-07-28 13:59:17.8170,0.473,-2.219,-1.056,2.503
2020-07-28 13:59:17.8170,0.473,-2.219,-1.056,2.503
2020-07-28 13:59:17.8170,0.473,-2.219,-1.056,2.503
2020-07-28 13:59:17.8240,-0.655,-1.969,-0.836,2.237
2020-07-28 13:59:17.8340,-1.516,-1.766,-0.502,2.381
2020-07-28 13:59:17.8440,-1.506,-1.181,-0.239,1.929
2020-07-28 13:59:17.8540,-1.118,-0.52,-0.15,1.242
2020-07-28 13:59:17.8640,-0.985,-0.088,-0.201,1.009
2020-07-28 13:59:17.8740,-0.898,0.231,-0.165,0.942
2020-07-28 13:59:17.9180,0.455,1.085,0.377,1.235
2020-07-28 13:59:17.9180,0.455,1.085,0.377,1.235
2020-07-28 13:59:17.9180,0.455,1.085,0.377,1.235
2020-07-28 13:59:17.9190,0.455,1.085,0.377,1.235
2020-07-28 13:59:17.9240,0.881,1.327,0.706,1.742
2020-07-28 13:59:17.9340,-2.645,3.11,2.914,5.016
2020-07-28 13:59:17.9430,-6.353,7.714,2.297,10.254
2020-07-28 13:59:17.9540,3.334,4.4,2.913,6.242
2020-07-28 13:59:17.9630,2.182,0.865,1.317,2.691
2020-07-28 13:59:17.9740,0.188,3.398,-1.529,3.731
2020-07-28 13:59:18.0200,-0.217,1.983,0.265,2.012
2020-07-28 13:59:18.0200,-0.217,1.983,0.265,2.012
2020-07-28 13:59:18.0200,-0.217,1.983,0.265,2.012
2020-07-28 13:59:18.0210,-0.217,1.983,0.265,2.012
2020-07-28 13:59:18.0230,-0.251,2.091,-0.088,2.108
2020-07-28 13:59:18.0330,0.228,2.773,0.103,2.784
2020-07-28 13:59:18.0430,0.874,3.702,0.243,3.812
2020-07-28 13:59:18.0530,1.435,4.113,0.135,4.358
2020-07-28 13:59:18.0630,1.855,3.229,-0.222,3.731
2020-07-28 13:59:18.0730,1.516,1.805,-0.208,2.366
2020-07-28 13:59:18.1160,-1.343,0.879,0.599,1.713
2020-07-28 13:59:18.1160,-1.343,0.879,0.599,1.713
2020-07-28 13:59:18.1160,-1.343,0.879,0.599,1.713
2020-07-28 13:59:18.1160,-1.343,0.879,0.599,1.713
2020-07-28 13:59:18.1230,-2.167,1.07,0.562,2.481
2020-07-28 13:59:18.1330,-1.492,0.983,0.63,1.895
2020-07-28 13:59:18.1430,-0.707,0.781,0.606,1.215
2020-07-28 13:59:18.1530,-0.338,0.408,0.637,0.829
2020-07-28 13:59:18.1630,-0.016,-0.098,0.696,0.703
2020-07-28 13:59:18.1730,0.212,-0.715,0.78,1.079
2020-07-28 13:59:18.2200,-0.106,-3.541,0.211,3.549
2020-07-28 13:59:18.2200,-0.106,-3.541,0.211,3.549
2020-07-28 13:59:18.2200,-0.106,-3.541,0.211,3.549
2020-07-28 13:59:18.2210,-0.106,-3.541,0.211,3.549
2020-07-28 13:59:18.2230,0.555,-1.963,0.241,2.054
2020-07-28 13:59:18.2330,0.83,-2.15,0.105,2.307
2020-07-28 13:59:18.2430,0.421,-2.224,-0.248,2.277
2020-07-28 13:59:18.2530,0.0,-1.644,-0.302,1.672
2020-07-28 13:59:18.2630,0.049,-1.008,-0.116,1.016
2020-07-28 13:59:18.2730,0.194,-0.489,0.166,0.552
2020-07-28 13:59:18.3140,-1.873,1.237,0.683,2.346
2020-07-28 13:59:18.3140,-1.873,1.237,0.683,2.346
2020-07-28 13:59:18.3150,-1.873,1.237,0.683,2.346
2020-07-28 13:59:18.3150,-1.873,1.237,0.683,2.346
2020-07-28 13:59:18.3230,-2.802,1.848,0.828,3.457
2020-07-28 13:59:18.3330,-3.025,2.179,1.419,3.989
2020-07-28 13:59:18.3420,-2.798,4.238,0.85,5.149
2020-07-28 13:59:18.3520,0.223,5.384,0.177,5.392
2020-07-28 13:59:18.3620,2.957,2.644,0.688,4.026
2020-07-28 13:59:18.3720,1.487,2.053,-0.901,2.69
2020-07-28 13:59:18.4120,-0.665,2.653,0.549,2.79
2020-07-28 13:59:18.4120,-0.665,2.653,0.549,2.79
2020-07-28 13:59:18.4130,-0.665,2.653,0.549,2.79
2020-07-28 13:59:18.4140,-0.665,2.653,0.549,2.79
2020-07-28 13:59:18.4220,-0.851,1.912,0.514,2.155
2020-07-28 13:59:18.4330,-0.742,1.93,0.245,2.082
2020-07-28 13:59:18.4420,-0.428,2.591,0.032,2.626
2020-07-28 13:59:18.4530,0.162,2.916,-0.141,2.924
2020-07-28 13:59:18.4620,1.149,3.07,-0.227,3.286
2020-07-28 13:59:18.4730,2.216,3.28,-0.48,3.987
2020-07-28 13:59:18.5130,-0.292,2.378,0.37,2.424
2020-07-28 13:59:18.5130,-0.292,2.378,0.37,2.424
2020-07-28 13:59:18.5130,-0.292,2.378,0.37,2.424
2020-07-28 13:59:18.5130,-0.292,2.378,0.37,2.424
2020-07-28 13:59:18.5220,-0.996,1.888,0.953,2.338
2020-07-28 13:59:18.5320,-1.773,1.349,1.272,2.565
2020-07-28 13:59:18.5420,-2.402,0.835,1.258,2.837
2020-07-28 13:59:18.5520,-1.608,0.939,1.364,2.308
2020-07-28 13:59:18.5620,-0.938,1.442,0.689,1.853
2020-07-28 13:59:18.5720,-0.198,1.414,0.561,1.534
2020-07-28 13:59:18.6140,1.211,-0.336,0.984,1.596
2020-07-28 13:59:18.6140,1.211,-0.336,0.984,1.596
2020-07-28 13:59:18.6140,1.211,-0.336,0.984,1.596
2020-07-28 13:59:18.6140,1.211,-0.336,0.984,1.596
2020-07-28 13:59:18.6220,1.467,-1.088,1.13,2.148
2020-07-28 13:59:18.6320,1.796,-2.09,1.249,3.026
2020-07-28 13:59:18.6420,1.777,-3.838,0.693,4.286
2020-07-28 13:59:18.6520,1.285,-5.232,-0.027,5.388
2020-07-28 13:59:18.6620,0.993,-3.284,0.511,3.469
2020-07-28 13:59:18.6720,0.948,-2.071,0.557,2.345
2020-07-28 13:59:18.7160,0.271,-1.171,-0.075,1.204
2020-07-28 13:59:18.7170,0.271,-1.171,-0.075,1.204
2020-07-28 13:59:18.7170,0.271,-1.171,-0.075,1.204
2020-07-28 13:59:18.7170,0.271,-1.171,-0.075,1.204
2020-07-28 13:59:18.7220,0.079,-0.66,0.046,0.666
2020-07-28 13:59:18.7310,-0.202,-0.216,0.217,0.367
2020-07-28 13:59:18.7420,-0.52,0.182,0.456,0.715
2020-07-28 13:59:18.7510,-0.955,0.599,0.555,1.257
2020-07-28 13:59:18.7610,-1.624,1.144,0.544,2.06
2020-07-28 13:59:18.7710,-2.493,1.916,0.519,3.187
2020-07-28 13:59:18.8080,-3.728,2.549,0.74,4.576
2020-07-28 13:59:18.8080,-3.728,2.549,0.74,4.576
2020-07-28 13:59:18.8090,-3.728,2.549,0.74,4.576
2020-07-28 13:59:18.8110,-6.096,4.943,0.467,7.862
2020-07-28 13:59:18.8210,0.529,3.234,0.07,3.278
2020-07-28 13:59:18.8310,2.952,0.448,0.88,3.113
2020-07-28 13:59:18.8410,0.354,1.82,-0.318,1.881
2020-07-28 13:59:18.8510,0.908,2.924,-0.247,3.072
2020-07-28 13:59:18.8610,2.397,2.419,-0.031,3.406
2020-07-28 13:59:18.8720,0.728,2.077,-0.057,2.202
2020-07-28 13:59:18.9120,-0.486,2.12,0.456,2.222
2020-07-28 13:59:18.9130,-0.486,2.12,0.456,2.222
2020-07-28 13:59:18.9130,-0.486,2.12,0.456,2.222
2020-07-28 13:59:18.9130,-0.486,2.12,0.456,2.222
2020-07-28 13:59:18.9210,-0.02,2.933,0.357,2.955
2020-07-28 13:59:18.9310,0.799,3.036,0.347,3.158
2020-07-28 13:59:18.9410,1.657,2.747,0.208,3.215
2020-07-28 13:59:18.9510,2.255,2.513,-0.153,3.38
2020-07-28 13:59:18.9610,2.429,2.41,-0.197,3.427
2020-07-28 13:59:18.9710,1.733,2.401,0.161,2.965
2020-07-28 13:59:19.0100,-0.503,1.819,0.891,2.087
2020-07-28 13:59:19.0100,-0.503,1.819,0.891,2.087
2020-07-28 13:59:19.0110,-0.487,1.76,1.005,2.084
2020-07-28 13:59:19.0120,-0.487,1.76,1.005,2.084
2020-07-28 13:59:19.0210,-0.539,1.906,1.063,2.248
2020-07-28 13:59:19.0300,-0.383,1.904,0.897,2.139
2020-07-28 13:59:19.0410,0.255,1.639,0.971,1.922
2020-07-28 13:59:19.0510,0.883,1.33,0.912,1.839
2020-07-28 13:59:19.0610,1.323,1.058,0.795,1.871
2020-07-28 13:59:19.0710,1.607,0.819,0.691,1.931
2020-07-28 13:59:19.1090,1.538,-0.554,0.844,1.84
2020-07-28 13:59:19.1100,1.538,-0.554,0.844,1.84
2020-07-28 13:59:19.1100,1.538,-0.554,0.844,1.84
2020-07-28 13:59:19.1110,1.198,-0.84,1.334,1.98
2020-07-28 13:59:19.1210,0.905,-1.073,1.736,2.232
2020-07-28 13:59:19.1300,0.589,-1.412,1.811,2.371
2020-07-28 13:59:19.1400,0.032,-1.947,1.505,2.461
2020-07-28 13:59:19.1500,-1.053,-2.629,1.2,3.076
2020-07-28 13:59:19.1610,-2.213,-3.149,1.161,4.02
2020-07-28 13:59:19.1710,-2.572,-3.218,0.937,4.225
2020-07-28 13:59:19.2170,-4.148,-0.807,0.264,4.234
2020-07-28 13:59:19.2170,-4.148,-0.807,0.264,4.234
2020-07-28 13:59:19.2170,-4.148,-0.807,0.264,4.234
2020-07-28 13:59:19.2170,-4.148,-0.807,0.264,4.234
2020-07-28 13:59:19.2200,-4.223,-0.276,0.058,4.232
2020-07-28 13:59:19.2300,-3.841,-0.069,-0.18,3.846
2020-07-28 13:59:19.2400,-3.205,-0.12,-0.604,3.264
2020-07-28 13:59:19.2500,-2.602,-0.202,-0.984,2.789
2020-07-28 13:59:19.2600,-2.026,-0.205,-1.372,2.455
2020-07-28 13:59:19.2700,-1.122,-0.048,-1.469,1.849
2020-07-28 13:59:19.3090,2.032,7.677,2.93,8.465
2020-07-28 13:59:19.3100,2.032,7.677,2.93,8.465
2020-07-28 13:59:19.3100,2.032,7.677,2.93,8.465
2020-07-28 13:59:19.3110,3.565,6.728,2.688,8.075
2020-07-28 13:59:19.3200,1.379,1.06,0.49,1.807
2020-07-28 13:59:19.3300,1.868,0.143,-0.497,1.938
2020-07-28 13:59:19.3400,0.586,1.764,-0.344,1.89
2020-07-28 13:59:19.3500,-0.547,2.882,0.443,2.967
2020-07-28 13:59:19.3600,-1.213,2.198,0.771,2.626
2020-07-28 13:59:19.3700,-2.331,1.416,0.108,2.73
2020-07-28 13:59:19.4080,0.552,3.076,0.555,3.174
2020-07-28 13:59:19.4080,0.552,3.076,0.555,3.174
2020-07-28 13:59:19.4090,0.552,3.076,0.555,3.174
2020-07-28 13:59:19.4100,1.755,3.333,0.931,3.88
2020-07-28 13:59:19.4200,2.653,2.52,0.757,3.737
2020-07-28 13:59:19.4290,3.287,1.276,0.207,3.532
2020-07-28 13:59:19.4390,2.665,1.115,0.164,2.894
2020-07-28 13:59:19.4500,1.379,1.77,0.272,2.26
2020-07-28 13:59:19.4590,0.745,2.414,0.613,2.6
2020-07-28 13:59:19.4700,0.358,2.916,1.15,3.155
2020-07-28 13:59:19.5090,0.018,2.913,0.399,2.94
2020-07-28 13:59:19.5100,0.018,2.913,0.399,2.94
2020-07-28 13:59:19.5100,0.018,2.913,0.399,2.94
2020-07-28 13:59:19.5110,0.018,2.913,0.399,2.94
2020-07-28 13:59:19.5190,0.708,2.667,0.132,2.763
2020-07-28 13:59:19.5290,1.381,2.465,0.026,2.826
2020-07-28 13:59:19.5390,2.12,2.397,-0.045,3.2
2020-07-28 13:59:19.5490,2.493,2.01,-0.445,3.233
2020-07-28 13:59:19.5590,2.315,1.004,-0.909,2.682
2020-07-28 13:59:19.5690,1.966,0.337,-0.841,2.165
2020-07-28 13:59:19.6150,0.562,-0.19,-0.335,0.681
2020-07-28 13:59:19.6160,0.562,-0.19,-0.335,0.681
2020-07-28 13:59:19.6160,0.562,-0.19,-0.335,0.681
2020-07-28 13:59:19.6160,0.562,-0.19,-0.335,0.681
2020-07-28 13:59:19.6190,0.458,-0.419,-0.154,0.64
2020-07-28 13:59:19.6290,0.363,-0.587,0.121,0.701
2020-07-28 13:59:19.6390,0.235,-0.693,0.154,0.748
2020-07-28 13:59:19.6490,-0.042,-0.892,0.265,0.931
2020-07-28 13:59:19.6590,-0.638,-1.2,0.261,1.384
2020-07-28 13:59:19.6690,-1.593,-1.771,0.297,2.4
2020-07-28 13:59:19.7160,-3.548,-1.488,0.673,3.906
2020-07-28 13:59:19.7160,-3.548,-1.488,0.673,3.906
2020-07-28 13:59:19.7160,-3.548,-1.488,0.673,3.906
2020-07-28 13:59:19.7160,-3.548,-1.488,0.673,3.906
2020-07-28 13:59:19.7190,-4.155,-1.068,0.996,4.404
2020-07-28 13:59:19.7290,-4.618,-0.562,1.095,4.779
2020-07-28 13:59:19.7390,-4.361,-0.367,1.106,4.514
2020-07-28 13:59:19.7490,-3.483,-0.582,0.966,3.661
2020-07-28 13:59:19.7590,-2.553,-0.757,0.694,2.752
2020-07-28 13:59:19.7690,-1.675,-0.74,0.574,1.919
2020-07-28 13:59:19.8070,1.12,-1.154,0.117,1.612
2020-07-28 13:59:19.8070,1.12,-1.154,0.117,1.612
2020-07-28 13:59:19.8080,1.12,-1.154,0.117,1.612
2020-07-28 13:59:19.8090,0.69,-1.421,2.109,2.635
2020-07-28 13:59:19.8180,-6.131,2.246,2.211,6.894
2020-07-28 13:59:19.8280,-4.049,8.109,1.641,9.211
2020-07-28 13:59:19.8390,3.539,5.076,3.105,6.923
2020-07-28 13:59:19.8480,-0.55,1.609,-0.948,1.947
2020-07-28 13:59:19.8580,0.273,2.767,-0.833,2.903
2020-07-28 13:59:19.8680,2.223,3.05,0.286,3.785
2020-07-28 13:59:19.9080,-1.894,2.949,0.719,3.578
2020-07-28 13:59:19.9090,-1.894,2.949,0.719,3.578
2020-07-28 13:59:19.9090,-1.894,2.949,0.719,3.578
2020-07-28 13:59:19.9090,-1.894,2.949,0.719,3.578
2020-07-28 13:59:19.9190,-1.758,2.878,0.604,3.426
2020-07-28 13:59:19.9280,-0.516,2.977,0.472,3.058
2020-07-28 13:59:19.9380,0.896,3.623,0.526,3.769
2020-07-28 13:59:19.9480,2.506,3.969,0.675,4.742
2020-07-28 13:59:19.9580,2.881,2.626,-0.44,3.923
2020-07-28 13:59:19.9680,2.137,1.026,-1.023,2.582
2020-07-28 13:59:20.0090,-0.081,3.647,1.083,3.805
2020-07-28 13:59:20.0090,-0.081,3.647,1.083,3.805
2020-07-28 13:59:20.0090,-0.081,3.647,1.083,3.805
2020-07-28 13:59:20.0090,-0.081,3.647,1.083,3.805
2020-07-28 13:59:20.0180,0.1,2.629,0.208,2.639
2020-07-28 13:59:20.0280,0.632,2.267,0.158,2.359
2020-07-28 13:59:20.0380,1.325,2.663,0.328,2.992
2020-07-28 13:59:20.0480,2.064,3.173,0.146,3.788
2020-07-28 13:59:20.0580,2.625,3.256,-0.412,4.203
2020-07-28 13:59:20.0680,2.659,2.17,-0.792,3.522
2020-07-28 13:59:20.1110,1.021,0.938,0.117,1.391
2020-07-28 13:59:20.1110,1.021,0.938,0.117,1.391
2020-07-28 13:59:20.1110,1.021,0.938,0.117,1.391
2020-07-28 13:59:20.1110,1.021,0.938,0.117,1.391
2020-07-28 13:59:20.1180,0.876,0.615,0.38,1.136
2020-07-28 13:59:20.1280,0.751,0.257,0.572,0.978
2020-07-28 13:59:20.1380,0.659,0.052,0.708,0.969
2020-07-28 13:59:20.1480,0.564,-0.052,0.893,1.057
2020-07-28 13:59:20.1580,0.449,-0.191,1.106,1.209
2020-07-28 13:59:20.1680,0.308,-0.517,1.224,1.364
2020-07-28 13:59:20.2080,-2.928,-2.324,0.835,3.83
2020-07-28 13:59:20.2080,-2.928,-2.324,0.835,3.83
2020-07-28 13:59:20.2080,-2.928,-2.324,0.835,3.83
2020-07-28 13:59:20.2080,-2.928,-2.324,0.835,3.83
2020-07-28 13:59:20.2170,-2.427,-1.391,1.237,3.059
2020-07-28 13:59:20.2270,-2.893,-0.493,1.842,3.465
2020-07-28 13:59:20.2380,-4.433,0.195,2.403,5.046
2020-07-28 13:59:20.2470,-5.951,0.469,2.343,6.413
2020-07-28 13:59:20.2570,-5.872,0.274,1.893,6.176
2020-07-28 13:59:20.2670,-4.239,-0.013,1.449,4.48
2020-07-28 13:59:20.3080,-0.674,-1.041,0.208,1.257
2020-07-28 13:59:20.3080,-0.674,-1.041,0.208,1.257
2020-07-28 13:59:20.3080,-0.674,-1.041,0.208,1.257
2020-07-28 13:59:20.3080,-0.674,-1.041,0.208,1.257
2020-07-28 13:59:20.3170,-5.13,0.021,1.797,5.436
2020-07-28 13:59:20.3270,-7.425,4.618,1.297,8.84
2020-07-28 13:59:20.3370,0.589,5.26,2.371,5.8
2020-07-28 13:59:20.3470,1.394,2.15,1.752,3.104
2020-07-28 13:59:20.3570,0.114,1.799,-0.197,1.813
2020-07-28 13:59:20.3670,1.657,2.676,0.697,3.224
2020-07-28 13:59:20.4110,-1.569,2.624,0.403,3.084
2020-07-28 13:59:20.4110,-1.569,2.624,0.403,3.084
2020-07-28 13:59:20.4120,-1.569,2.624,0.403,3.084
2020-07-28 13:59:20.4120,-1.569,2.624,0.403,3.084
2020-07-28 13:59:20.4170,-1.594,2.739,0.182,3.174
2020-07-28 13:59:20.4270,-0.414,2.595,-0.219,2.637
2020-07-28 13:59:20.4370,0.863,2.969,-0.178,3.097
2020-07-28 13:59:20.4470,2.27,3.778,0.171,4.411
2020-07-28 13:59:20.4570,3.224,3.462,-0.298,4.74
2020-07-28 13:59:20.4670,2.937,1.61,-0.548,3.394
2020-07-28 13:59:20.5070,-0.363,3.259,1.224,3.5
2020-07-28 13:59:20.5070,-0.363,3.259,1.224,3.5
2020-07-28 13:59:20.5080,-0.363,3.259,1.224,3.5
2020-07-28 13:59:20.5080,-0.363,3.259,1.224,3.5
2020-07-28 13:59:20.5170,-0.524,3.022,0.404,3.094
2020-07-28 13:59:20.5260,0.236,2.148,0.267,2.177
2020-07-28 13:59:20.5370,1.19,2.025,0.639,2.434
2020-07-28 13:59:20.5460,2.114,2.341,0.916,3.285
2020-07-28 13:59:20.5570,2.855,2.69,0.504,3.955
2020-07-28 13:59:20.5670,2.97,2.103,-0.379,3.659
2020-07-28 13:59:20.6070,1.317,1.337,-0.255,1.894
2020-07-28 13:59:20.6070,1.317,1.337,-0.255,1.894
2020-07-28 13:59:20.6080,1.317,1.337,-0.255,1.894
2020-07-28 13:59:20.6080,1.317,1.337,-0.255,1.894
2020-07-28 13:59:20.6170,1.163,1.06,-0.196,1.586
2020-07-28 13:59:20.6260,1.106,0.52,-0.173,1.234
2020-07-28 13:59:20.6370,1.123,0.131,-0.111,1.136
2020-07-28 13:59:20.6460,1.104,0.026,0.047,1.105
2020-07-28 13:59:20.6560,1.042,0.123,0.252,1.079
2020-07-28 13:59:20.6660,0.947,0.276,0.465,1.091
2020-07-28 13:59:20.7070,-0.596,-0.359,0.204,0.725
2020-07-28 13:59:20.7070,-0.596,-0.359,0.204,0.725
2020-07-28 13:59:20.7080,-0.596,-0.359,0.204,0.725
2020-07-28 13:59:20.7080,-0.596,-0.359,0.204,0.725
2020-07-28 13:59:20.7160,-1.575,-0.3,0.219,1.618
2020-07-28 13:59:20.7260,-1.946,0.376,0.566,2.061
2020-07-28 13:59:20.7360,-1.966,1.269,1.129,2.598
2020-07-28 13:59:20.7460,-3.744,2.491,1.488,4.737
2020-07-28 13:59:20.7560,-6.168,4.194,1.838,7.682
2020-07-28 13:59:20.7660,-6.494,3.697,2.091,7.76
2020-07-28 13:59:20.8070,-5.062,0.899,1.461,5.345
2020-07-28 13:59:20.8070,-5.062,0.899,1.461,5.345
2020-07-28 13:59:20.8080,-5.062,0.899,1.461,5.345
2020-07-28 13:59:20.8080,-5.062,0.899,1.461,5.345
2020-07-28 13:59:20.8160,-6.296,2.172,0.468,6.677
2020-07-28 13:59:20.8260,-2.429,2.811,-0.74,3.788
2020-07-28 13:59:20.8360,0.946,3.104,-0.868,3.359
2020-07-28 13:59:20.8460,0.991,2.749,-0.11,2.924
2020-07-28 13:59:20.8560,0.974,2.42,-0.042,2.609
2020-07-28 13:59:20.8660,1.12,1.967,0.104,2.266
2020-07-28 13:59:20.9060,-1.174,1.635,0.3,2.035
2020-07-28 13:59:20.9070,-1.174,1.635,0.3,2.035
2020-07-28 13:59:20.9070,-1.174,1.635,0.3,2.035
2020-07-28 13:59:20.9070,-1.174,1.635,0.3,2.035
2020-07-28 13:59:20.9160,-1.227,2.28,0.32,2.609
2020-07-28 13:59:20.9260,-0.645,2.997,0.483,3.103
2020-07-28 13:59:20.9360,0.269,3.57,0.506,3.616
2020-07-28 13:59:20.9450,1.637,3.796,0.444,4.158
2020-07-28 13:59:20.9550,2.591,3.199,0.125,4.119
2020-07-28 13:59:20.9660,2.249,1.968,-0.306,3.004
2020-07-28 13:59:21.0050,-0.083,2.315,0.834,2.462
2020-07-28 13:59:21.0060,-0.083,2.315,0.834,2.462
2020-07-28 13:59:21.0060,-0.083,2.315,0.834,2.462
2020-07-28 13:59:21.0070,-0.083,2.315,0.834,2.462
2020-07-28 13:59:21.0150,-0.657,2.743,0.229,2.83
2020-07-28 13:59:21.0250,-0.322,1.967,-0.17,2.0
2020-07-28 13:59:21.0350,0.485,1.147,0.002,1.245
2020-07-28 13:59:21.0450,0.946,0.952,0.09,1.345
2020-07-28 13:59:21.0560,1.457,0.953,0.058,1.742
2020-07-28 13:59:21.0650,2.022,0.832,-0.162,2.192
2020-07-28 13:59:21.1050,0.951,-0.401,0.106,1.038
2020-07-28 13:59:21.1060,0.951,-0.401,0.106,1.038
2020-07-28 13:59:21.1060,0.951,-0.401,0.106,1.038
2020-07-28 13:59:21.1060,0.951,-0.401,0.106,1.038
2020-07-28 13:59:21.1150,0.523,-0.352,0.344,0.718
2020-07-28 13:59:21.1250,0.286,-0.453,0.499,0.732
2020-07-28 13:59:21.1350,0.186,-0.736,0.491,0.904
2020-07-28 13:59:21.1450,0.065,-1.096,0.227,1.121
2020-07-28 13:59:21.1550,-0.274,-1.374,-0.114,1.406
2020-07-28 13:59:21.1650,-0.733,-1.63,-0.339,1.819
2020-07-28 13:59:21.2080,-2.076,-0.786,1.05,2.456
2020-07-28 13:59:21.2080,-2.076,-0.786,1.05,2.456
2020-07-28 13:59:21.2080,-2.076,-0.786,1.05,2.456
2020-07-28 13:59:21.2080,-2.076,-0.786,1.05,2.456
2020-07-28 13:59:21.2150,-2.982,-0.383,1.028,3.177
2020-07-28 13:59:21.2250,-3.463,-0.092,1.011,3.609
2020-07-28 13:59:21.2350,-2.676,-0.017,1.112,2.898
2020-07-28 13:59:21.2450,-1.674,-0.048,0.819,1.864
2020-07-28 13:59:21.2550,-1.929,-0.468,2.999,3.596
2020-07-28 13:59:21.2650,-7.203,2.004,1.615,7.649
2020-07-28 13:59:21.3050,2.263,3.522,0.19,4.191
2020-07-28 13:59:21.3060,2.263,3.522,0.19,4.191
2020-07-28 13:59:21.3060,2.263,3.522,0.19,4.191
2020-07-28 13:59:21.3060,2.263,3.522,0.19,4.191
2020-07-28 13:59:21.3150,4.983,1.644,0.996,5.341
2020-07-28 13:59:21.3240,2.246,1.912,-0.776,3.05
2020-07-28 13:59:21.3350,-0.891,2.663,-0.278,2.822
2020-07-28 13:59:21.3440,-2.754,2.357,0.366,3.643
2020-07-28 13:59:21.3550,-2.956,1.51,0.208,3.326
2020-07-28 13:59:21.3640,-1.101,1.328,0.275,1.747
2020-07-28 13:59:21.4040,1.885,2.791,0.107,3.37
2020-07-28 13:59:21.4050,1.885,2.791,0.107,3.37
2020-07-28 13:59:21.4050,1.885,2.791,0.107,3.37
2020-07-28 13:59:21.4060,1.885,2.791,0.107,3.37
2020-07-28 13:59:21.4140,1.46,1.958,-0.698,2.54
2020-07-28 13:59:21.4240,0.912,1.248,-0.611,1.662
2020-07-28 13:59:21.4340,0.137,1.273,0.141,1.288
2020-07-28 13:59:21.4440,-0.706,1.562,0.824,1.902
2020-07-28 13:59:21.4540,-1.716,1.792,1.116,2.721
2020-07-28 13:59:21.4640,-2.996,1.798,0.785,3.581
2020-07-28 13:59:21.5060,0.007,1.984,0.497,2.045
2020-07-28 13:59:21.5070,0.007,1.984,0.497,2.045
2020-07-28 13:59:21.5070,0.007,1.984,0.497,2.045
2020-07-28 13:59:21.5070,0.007,1.984,0.497,2.045
2020-07-28 13:59:21.5140,0.422,1.706,0.506,1.829
2020-07-28 13:59:21.5240,0.668,1.262,0.397,1.482
2020-07-28 13:59:21.5340,0.831,0.808,0.235,1.183
2020-07-28 13:59:21.5440,1.034,0.437,0.15,1.133
2020-07-28 13:59:21.5540,1.228,0.091,0.086,1.234
2020-07-28 13:59:21.5640,1.352,-0.281,0.049,1.382
2020-07-28 13:59:21.6040,1.441,-1.078,0.438,1.852
2020-07-28 13:59:21.6040,1.441,-1.078,0.438,1.852
2020-07-28 13:59:21.6040,1.441,-1.078,0.438,1.852
2020-07-28 13:59:21.6050,1.441,-1.078,0.438,1.852
2020-07-28 13:59:21.6140,1.58,-1.11,0.484,1.991
2020-07-28 13:59:21.6240,1.83,-1.267,0.377,2.258
2020-07-28 13:59:21.6340,1.981,-1.442,0.164,2.456
2020-07-28 13:59:21.6440,1.922,-1.397,0.002,2.376
2020-07-28 13:59:21.6540,1.692,-1.007,-0.019,1.969
2020-07-28 13:59:21.6640,1.399,-0.47,0.069,1.477
2020-07-28 13:59:21.7080,0.114,0.619,0.596,0.867
2020-07-28 13:59:21.7090,0.114,0.619,0.596,0.867
2020-07-28 13:59:21.7090,0.114,0.619,0.596,0.867
2020-07-28 13:59:21.7090,0.114,0.619,0.596,0.867
2020-07-28 13:59:21.7130,-0.254,0.833,0.85,1.217
2020-07-28 13:59:21.7230,-0.683,1.141,0.953,1.636
2020-07-28 13:59:21.7330,-1.484,1.538,1.223,2.462
2020-07-28 13:59:21.7430,-2.575,1.943,1.597,3.599
2020-07-28 13:59:21.7540,-2.863,1.974,1.837,3.933
2020-07-28 13:59:21.7630,-2.711,1.612,1.723,3.594
2020-07-28 13:59:21.8050,-7.481,7.747,-2.146,10.981
2020-07-28 13:59:21.8050,-7.481,7.747,-2.146,10.981
2020-07-28 13:59:21.8050,-7.481,7.747,-2.146,10.981
2020-07-28 13:59:21.8050,-7.481,7.747,-2.146,10.981
2020-07-28 13:59:21.8130,-0.099,7.418,-4.934,8.91
2020-07-28 13:59:21.8230,3.35,4.502,-2.147,6.008
2020-07-28 13:59:21.8330,3.011,2.44,0.334,3.89
2020-07-28 13:59:21.8430,3.446,-0.609,-0.847,3.6
2020-07-28 13:59:21.8530,2.978,-2.252,-0.037,3.734
2020-07-28 13:59:21.8630,1.096,-0.869,1.021,1.732
2020-07-28 13:59:21.9070,-1.997,0.872,-0.277,2.197
2020-07-28 13:59:21.9070,-1.997,0.872,-0.277,2.197
2020-07-28 13:59:21.9070,-1.997,0.872,-0.277,2.197
2020-07-28 13:59:21.9070,-1.997,0.872,-0.277,2.197
2020-07-28 13:59:21.9130,-0.572,1.079,-0.479,1.312
2020-07-28 13:59:21.9230,0.1,0.967,-0.129,0.981
2020-07-28 13:59:21.9330,0.883,1.142,0.311,1.477
2020-07-28 13:59:21.9430,1.255,1.405,0.306,1.909
2020-07-28 13:59:21.9530,0.928,1.495,-0.061,1.761
2020-07-28 13:59:21.9630,0.483,1.207,-0.174,1.312
2020-07-28 13:59:22.0040,-1.372,0.635,0.151,1.519
2020-07-28 13:59:22.0050,-1.372,0.635,0.151,1.519
2020-07-28 13:59:22.0050,-1.372,0.635,0.151,1.519
2020-07-28 13:59:22.0050,-1.372,0.635,0.151,1.519
2020-07-28 13:59:22.0130,-1.281,0.842,0.101,1.536
2020-07-28 13:59:22.0230,-0.811,1.131,-0.136,1.398
2020-07-28 13:59:22.0330,-0.305,1.436,-0.281,1.495
2020-07-28 13:59:22.0420,0.165,1.537,-0.01,1.546
2020-07-28 13:59:22.0530,0.353,1.234,-0.028,1.284
2020-07-28 13:59:22.0630,0.232,0.88,-0.22,0.936
2020-07-28 13:59:22.1070,-0.505,0.967,-0.085,1.094
2020-07-28 13:59:22.1070,-0.505,0.967,-0.085,1.094
2020-07-28 13:59:22.1070,-0.505,0.967,-0.085,1.094
2020-07-28 13:59:22.1070,-0.505,0.967,-0.085,1.094
2020-07-28 13:59:22.1120,-0.508,0.915,-0.003,1.047
2020-07-28 13:59:22.1220,-0.423,0.909,0.019,1.003
2020-07-28 13:59:22.1320,-0.279,0.919,-0.035,0.961
2020-07-28 13:59:22.1420,-0.153,0.953,-0.071,0.968
2020-07-28 13:59:22.1520,-0.073,1.006,-0.062,1.011
2020-07-28 13:59:22.1620,-0.051,1.047,-0.063,1.05
2020-07-28 13:59:22.2070,-0.274,0.9,-0.098,0.946
2020-07-28 13:59:22.2070,-0.274,0.9,-0.098,0.946
2020-07-28 13:59:22.2070,-0.274,0.9,-0.098,0.946
2020-07-28 13:59:22.2080,-0.274,0.9,-0.098,0.946
2020-07-28 13:59:22.2120,-0.344,0.884,-0.112,0.955
2020-07-28 13:59:22.2220,-0.373,0.917,-0.119,0.997
2020-07-28 13:59:22.2320,-0.329,0.928,-0.128,0.993
2020-07-28 13:59:22.2420,-0.266,0.918,-0.138,0.966
2020-07-28 13:59:22.2520,-0.237,0.907,-0.146,0.949
2020-07-28 13:59:22.2620,-0.225,0.925,-0.135,0.961
2020-07-28 13:59:22.3030,-0.232,0.972,-0.063,1.001
2020-07-28 13:59:22.3040,-0.232,0.972,-0.063,1.001
2020-07-28 13:59:22.3040,-0.232,0.972,-0.063,1.001
2020-07-28 13:59:22.3040,-0.232,0.972,-0.063,1.001
2020-07-28 13:59:22.3120,-0.254,0.946,-0.048,0.981
2020-07-28 13:59:22.3220,-0.259,0.909,-0.069,0.948
2020-07-28 13:59:22.3320,-0.214,0.898,-0.096,0.928
2020-07-28 13:59:22.3420,-0.165,0.919,-0.093,0.938
2020-07-28 13:59:22.3520,-0.222,0.953,-0.062,0.98
2020-07-28 13:59:22.3620,-0.272,0.962,-0.042,1.001
2020-07-28 13:59:22.4060,-0.251,1.038,-0.02,1.068
2020-07-28 13:59:22.4070,-0.251,1.038,-0.02,1.068
2020-07-28 13:59:22.4070,-0.251,1.038,-0.02,1.068
2020-07-28 13:59:22.4070,-0.251,1.038,-0.02,1.068
2020-07-28 13:59:22.4120,-0.211,1.034,-0.018,1.055
2020-07-28 13:59:22.4210,-0.188,1.016,-0.032,1.034
2020-07-28 13:59:22.4310,-0.178,0.983,-0.033,1.0
2020-07-28 13:59:22.4410,-0.213,0.978,-0.03,1.001
2020-07-28 13:59:22.4520,-0.225,0.976,-0.009,1.002
2020-07-28 13:59:22.4620,-0.229,0.98,0.017,1.007
2020-07-28 13:59:22.5040,-0.184,1.0,-0.001,1.017
2020-07-28 13:59:22.5040,-0.184,1.0,-0.001,1.017
2020-07-28 13:59:22.5040,-0.184,1.0,-0.001,1.017
2020-07-28 13:59:22.5040,-0.184,1.0,-0.001,1.017
2020-07-28 13:59:22.5120,-0.173,0.992,-0.009,1.007
2020-07-28 13:59:22.5210,-0.175,0.979,-0.017,0.995
2020-07-28 13:59:22.5310,-0.192,0.981,-0.011,1.0
2020-07-28 13:59:22.5410,-0.214,0.993,0.001,1.016
2020-07-28 13:59:22.5510,-0.234,0.998,0.005,1.025
2020-07-28 13:59:22.5610,-0.242,0.992,-0.002,1.021
2020-07-28 13:59:22.5750,-0.227,0.986,-0.016,1.012
2020-07-28 13:59:22.6010,-0.169,0.985,-0.016,1.0
2020-07-28 13:59:22.6020,-0.169,0.985,-0.016,1.0
2020-07-28 13:59:22.6020,-0.169,0.985,-0.016,1.0
2020-07-28 13:59:22.6110,-0.179,0.978,-0.025,0.995
2020-07-28 13:59:22.6210,-0.182,0.965,-0.031,0.983
2020-07-28 13:59:22.6310,-0.207,0.983,-0.003,1.005
2020-07-28 13:59:22.6410,-0.23,1.0,0.022,1.026
2020-07-28 13:59:22.6510,-0.21,0.994,0.02,1.016
2020-07-28 13:59:22.6610,-0.197,0.989,0.022,1.009
2020-07-28 13:59:22.6750,-0.196,0.985,-0.001,1.004
2020-07-28 13:59:22.7020,-0.189,0.984,-0.009,1.002
2020-07-28 13:59:22.7030,-0.189,0.984,-0.009,1.002
2020-07-28 13:59:22.7030,-0.189,0.984,-0.009,1.002
2020-07-28 13:59:22.7110,-0.189,0.975,-0.008,0.993
2020-07-28 13:59:22.7210,-0.197,0.977,-0.007,0.997
2020-07-28 13:59:22.7310,-0.192,0.98,-0.005,0.999
2020-07-28 13:59:22.7410,-0.187,0.982,-0.008,1.0
